measurement_time,TrafficHeadway,TrafficFlow,TrafficSpeed,TrafficConcentration
2025-07-11T12:33:00.000+02:00,7.7,754.0,95.0,4.0
2025-07-11T12:38:00.000+02:00,3.7,754.0,100.0,8.0
2025-07-11T12:43:00.000+02:00,6.2,754.0,79.0,8.0
2025-07-11T12:53:00.000+02:00,6.8,754.0,97.0,4.0
2025-07-11T13:03:00.000+02:00,4.8,812.0,106.0,7.0
2025-07-11T13:23:00.000+02:00,3.5,812.0,84.0,9.0
2025-07-11T13:38:00.000+02:00,2.8,812.0,89.0,12.0
2025-07-11T13:53:00.000+02:00,13.8,812.0,92.0,2.0
2025-07-11T14:43:00.000+02:00,9.7,813.0,102.0,3.0
2025-07-11T15:22:00.000+02:00,2.0,931.0,94.0,18.0
2025-07-11T15:47:00.000+02:00,2.8,931.0,93.0,13.0
2025-07-11T16:07:00.000+02:00,2.3,1382.0,98.0,12.0
2025-07-11T16:32:00.000+02:00,2.5,1382.0,78.0,14.0
2025-07-11T16:47:00.000+02:00,3.3,1382.0,85.0,12.0
2025-07-11T17:17:00.000+02:00,2.6,1255.0,86.0,14.0
2025-07-11T17:37:00.000+02:00,3.8,1255.0,96.0,10.0
2025-07-11T17:47:00.000+02:00,3.6,1255.0,97.0,11.0
2025-07-11T18:17:00.000+02:00,12.7,827.0,93.0,2.0
2025-07-11T18:47:00.000+02:00,4.7,827.0,93.0,7.0
2025-07-11T19:07:00.000+02:00,4.8,684.0,85.0,8.0
2025-07-11T19:32:00.000+02:00,5.8,684.0,92.0,7.0
2025-07-11T19:42:00.000+02:00,5.0,684.0,91.0,7.0
2025-07-11T19:57:00.000+02:00,6.2,684.0,100.0,5.0
2025-07-11T20:37:00.000+02:00,5.1,698.0,88.0,6.0
2025-07-11T20:47:00.000+02:00,11.8,698.0,93.0,4.0
2025-07-11T21:17:00.000+02:00,16.8,544.0,90.0,1.0
2025-07-11T21:32:00.000+02:00,7.9,544.0,107.0,2.0
2025-07-11T21:42:00.000+02:00,20.1,544.0,97.0,1.0
2025-07-11T22:07:00.000+02:00,24.0,423.0,96.0,1.0
2025-07-11T22:32:00.000+02:00,9.2,423.0,86.0,2.0
2025-07-11T22:47:00.000+02:00,9.7,423.0,90.0,3.0
2025-07-11T23:08:00.000+02:00,9.1,238.0,104.0,0.0
2025-07-11T23:28:00.000+02:00,15.2,238.0,87.0,2.0
2025-07-11T23:43:00.000+02:00,14.6,238.0,122.0,1.0
2025-07-11T23:53:00.000+02:00,4.2,238.0,110.0,1.0
2025-07-12T00:23:00.000+02:00,25.4,148.0,108.0,0.0
2025-07-12T00:43:00.000+02:00,12.4,148.0,102.0,0.0
2025-07-12T00:53:00.000+02:00,2.4,148.0,136.0,0.0
2025-07-12T01:23:00.000+02:00,20.4,105.0,113.0,0.0
2025-07-12T01:38:00.000+02:00,25.4,105.0,90.0,0.0
2025-07-12T01:48:00.000+02:00,25.4,105.0,106.0,0.0
2025-07-12T03:43:00.000+02:00,11.6,35.0,87.0,2.0
2025-07-12T05:13:00.000+02:00,19.1,27.0,105.0,0.0
2025-07-12T05:58:00.000+02:00,25.4,27.0,109.0,0.0
2025-07-12T06:38:00.000+02:00,8.6,52.0,117.0,3.0
2025-07-12T06:53:00.000+02:00,3.9,52.0,102.0,8.0
2025-07-12T07:23:00.000+02:00,12.2,178.0,101.0,3.0
2025-07-12T07:43:00.000+02:00,11.2,178.0,82.0,3.0
2025-07-12T07:48:00.000+02:00,8.8,178.0,80.0,5.0
2025-07-12T08:33:00.000+02:00,7.6,295.0,88.0,6.0
2025-07-12T08:53:00.000+02:00,11.4,295.0,103.0,2.0
2025-07-12T09:18:00.000+02:00,10.0,335.0,103.0,4.0
2025-07-12T09:38:00.000+02:00,7.9,335.0,80.0,5.0
2025-07-12T09:48:00.000+02:00,4.6,335.0,100.0,9.0
2025-07-12T10:18:00.000+02:00,5.1,478.0,68.0,8.0
2025-07-12T10:38:00.000+02:00,4.1,478.0,95.0,10.0
2025-07-12T10:53:00.000+02:00,4.3,478.0,102.0,7.0
2025-07-12T11:23:00.000+02:00,3.0,616.0,86.0,12.0
2025-07-12T11:38:00.000+02:00,4.1,616.0,93.0,7.0
2025-07-12T11:48:00.000+02:00,5.9,616.0,90.0,4.0
2025-07-12T12:13:00.000+02:00,4.7,692.0,80.0,8.0
2025-07-12T12:38:00.000+02:00,10.6,692.0,83.0,4.0
2025-07-12T12:48:00.000+02:00,4.7,692.0,95.0,7.0
2025-07-12T13:08:00.000+02:00,3.3,705.0,94.0,10.0
2025-07-12T13:28:00.000+02:00,2.9,705.0,83.0,11.0
2025-07-12T13:38:00.000+02:00,3.5,705.0,99.0,9.0
2025-07-12T13:53:00.000+02:00,9.7,705.0,96.0,3.0
2025-07-12T14:38:00.000+02:00,8.1,726.0,109.0,6.0
2025-07-12T15:13:00.000+02:00,4.3,686.0,107.0,8.0
2025-07-12T15:38:00.000+02:00,3.8,686.0,87.0,8.0
2025-07-12T15:48:00.000+02:00,6.7,686.0,88.0,5.0
2025-07-12T16:13:00.000+02:00,8.7,686.0,89.0,4.0
2025-07-12T16:33:00.000+02:00,4.8,686.0,102.0,6.0
2025-07-12T16:48:00.000+02:00,4.8,686.0,90.0,7.0
2025-07-12T17:08:00.000+02:00,2.8,727.0,88.0,14.0
2025-07-12T17:28:00.000+02:00,2.7,727.0,93.0,12.0
2025-07-12T17:43:00.000+02:00,7.9,727.0,99.0,5.0
2025-07-12T17:53:00.000+02:00,3.9,727.0,99.0,9.0
2025-07-12T18:28:00.000+02:00,10.9,592.0,104.0,4.0
2025-07-12T18:48:00.000+02:00,7.9,592.0,90.0,4.0
2025-07-12T19:08:00.000+02:00,10.8,609.0,102.0,3.0
2025-07-12T19:28:00.000+02:00,8.8,609.0,92.0,3.0
2025-07-12T19:43:00.000+02:00,10.3,609.0,95.0,4.0
2025-07-12T19:53:00.000+02:00,2.8,609.0,102.0,8.0
2025-07-12T20:32:00.000+02:00,6.9,569.0,106.0,5.0
2025-07-12T20:47:00.000+02:00,5.0,569.0,98.0,7.0
2025-07-12T21:07:00.000+02:00,8.5,513.0,103.0,3.0
2025-07-12T21:22:00.000+02:00,15.0,513.0,93.0,2.0
2025-07-12T21:24:00.000+02:00,10.6,513.0,103.0,3.0
2025-07-12T21:48:00.000+02:00,22.3,513.0,108.0,1.0
2025-07-12T22:13:00.000+02:00,10.5,393.0,106.0,4.0
2025-07-12T22:33:00.000+02:00,14.2,393.0,125.0,3.0
2025-07-12T22:48:00.000+02:00,16.0,393.0,95.0,1.0
2025-07-12T23:08:00.000+02:00,11.5,253.0,112.0,3.0
2025-07-12T23:28:00.000+02:00,20.2,253.0,119.0,2.0
2025-07-12T23:38:00.000+02:00,25.4,253.0,111.0,0.0
2025-07-12T23:53:00.000+02:00,21.6,253.0,104.0,0.0
2025-07-13T00:18:00.000+02:00,25.4,183.0,114.0,0.0
2025-07-13T00:38:00.000+02:00,25.4,183.0,92.0,0.0
2025-07-13T00:48:00.000+02:00,9.3,183.0,100.0,0.0
2025-07-13T01:13:00.000+02:00,16.1,115.0,96.0,0.0
2025-07-13T01:33:00.000+02:00,14.0,115.0,86.0,1.0
2025-07-13T01:48:00.000+02:00,3.2,115.0,94.0,0.0
2025-07-13T03:13:00.000+02:00,25.4,35.0,84.0,0.0
2025-07-13T05:08:00.000+02:00,25.4,23.0,105.0,0.0
2025-07-13T06:03:00.000+02:00,25.4,31.0,106.0,0.0
2025-07-13T06:43:00.000+02:00,19.0,31.0,98.0,0.0
2025-07-13T07:08:00.000+02:00,25.4,49.0,92.0,0.0
2025-07-13T07:33:00.000+02:00,14.2,49.0,93.0,0.0
2025-07-13T07:43:00.000+02:00,17.7,49.0,104.0,0.0
2025-07-13T08:18:00.000+02:00,13.4,103.0,93.0,2.0
2025-07-13T08:48:00.000+02:00,8.8,103.0,85.0,5.0
2025-07-13T09:13:00.000+02:00,12.8,179.0,88.0,2.0
2025-07-13T09:33:00.000+02:00,16.3,179.0,95.0,2.0
2025-07-13T09:43:00.000+02:00,15.4,179.0,101.0,2.0
2025-07-13T09:53:00.000+02:00,15.6,179.0,86.0,1.0
2025-07-13T10:28:00.000+02:00,3.2,258.0,99.0,9.0
2025-07-13T10:48:00.000+02:00,8.6,258.0,92.0,5.0
2025-07-13T11:13:00.000+02:00,3.8,462.0,92.0,9.0
2025-07-13T11:33:00.000+02:00,4.0,462.0,89.0,9.0
2025-07-13T11:43:00.000+02:00,5.1,462.0,84.0,8.0
2025-07-13T12:08:00.000+02:00,6.3,519.0,93.0,7.0
2025-07-13T12:38:00.000+02:00,4.9,519.0,101.0,10.0
2025-07-13T12:48:00.000+02:00,7.9,519.0,105.0,4.0
2025-07-13T13:08:00.000+02:00,6.3,603.0,88.0,6.0
2025-07-13T13:28:00.000+02:00,5.2,603.0,86.0,6.0
2025-07-13T13:43:00.000+02:00,7.2,603.0,97.0,4.0
2025-07-13T13:53:00.000+02:00,8.5,603.0,106.0,4.0
2025-07-13T14:48:00.000+02:00,4.6,625.0,92.0,5.0
2025-07-13T15:24:00.000+02:00,4.8,600.0,96.0,6.0
2025-07-13T15:44:00.000+02:00,5.8,600.0,97.0,6.0
2025-07-13T15:54:00.000+02:00,3.1,600.0,96.0,15.0
2025-07-13T16:19:00.000+02:00,3.9,671.0,93.0,12.0
2025-07-13T16:39:00.000+02:00,9.1,671.0,102.0,3.0
2025-07-13T16:49:00.000+02:00,9.2,671.0,97.0,4.0
2025-07-13T17:14:00.000+02:00,9.7,657.0,88.0,3.0
2025-07-13T17:34:00.000+02:00,2.5,657.0,101.0,12.0
2025-07-13T17:44:00.000+02:00,5.3,657.0,83.0,7.0
2025-07-13T18:04:00.000+02:00,5.1,767.0,105.0,7.0
2025-07-13T18:34:00.000+02:00,1.9,767.0,94.0,18.0
2025-07-13T18:49:00.000+02:00,3.4,767.0,83.0,14.0
2025-07-13T19:14:00.000+02:00,3.9,811.0,109.0,7.0
2025-07-13T19:34:00.000+02:00,4.7,811.0,93.0,8.0
2025-07-13T19:49:00.000+02:00,4.9,811.0,100.0,8.0
2025-07-13T20:04:00.000+02:00,2.4,727.0,107.0,12.0
2025-07-13T20:39:00.000+02:00,14.4,727.0,85.0,3.0
2025-07-13T20:54:00.000+02:00,4.2,727.0,85.0,7.0
2025-07-13T21:19:00.000+02:00,7.2,703.0,110.0,5.0
2025-07-13T21:34:00.000+02:00,22.0,703.0,103.0,0.0
2025-07-13T21:44:00.000+02:00,4.4,703.0,103.0,7.0
2025-07-13T21:54:00.000+02:00,5.4,703.0,91.0,5.0
2025-07-13T22:24:00.000+02:00,20.2,512.0,90.0,0.0
2025-07-13T22:39:00.000+02:00,7.3,512.0,101.0,3.0
2025-07-13T22:54:00.000+02:00,24.0,512.0,106.0,1.0
2025-07-13T23:19:00.000+02:00,2.0,312.0,101.0,1.0
2025-07-13T23:34:00.000+02:00,11.0,312.0,106.0,3.0
2025-07-13T23:44:00.000+02:00,6.0,312.0,104.0,1.0
2025-07-14T00:04:00.000+02:00,11.4,162.0,109.0,2.0
2025-07-14T00:29:00.000+02:00,6.5,162.0,94.0,0.0
2025-07-14T00:44:00.000+02:00,3.1,162.0,109.0,0.0
2025-07-14T01:08:00.000+02:00,24.1,72.0,100.0,1.0
2025-07-14T01:28:00.000+02:00,25.4,72.0,112.0,0.0
2025-07-14T01:43:00.000+02:00,25.4,72.0,94.0,0.0
2025-07-14T01:58:00.000+02:00,25.4,72.0,100.0,0.0
2025-07-14T04:23:00.000+02:00,25.4,23.0,107.0,0.0
2025-07-14T05:48:00.000+02:00,25.4,28.0,107.0,0.0
2025-07-14T06:33:00.000+02:00,8.2,105.0,100.0,5.0
2025-07-14T06:58:00.000+02:00,7.3,105.0,103.0,4.0
2025-07-14T07:33:00.000+02:00,5.3,392.0,82.0,6.0
2025-07-14T07:48:00.000+02:00,2.7,392.0,90.0,12.0
2025-07-14T08:28:00.000+02:00,4.8,750.0,96.0,5.0
2025-07-14T08:53:00.000+02:00,3.8,750.0,75.0,8.0
2025-07-14T09:28:00.000+02:00,14.0,655.0,89.0,2.0
2025-07-14T09:43:00.000+02:00,6.9,655.0,95.0,5.0
2025-07-14T09:53:00.000+02:00,9.5,655.0,101.0,2.0
2025-07-14T10:38:00.000+02:00,3.9,600.0,88.0,7.0
2025-07-14T10:58:00.000+02:00,3.3,600.0,98.0,12.0
2025-07-14T11:33:00.000+02:00,5.8,617.0,90.0,6.0
2025-07-14T11:48:00.000+02:00,6.2,617.0,83.0,5.0
2025-07-14T12:23:00.000+02:00,3.7,673.0,87.0,10.0
2025-07-14T12:43:00.000+02:00,4.8,673.0,92.0,6.0
2025-07-14T13:03:00.000+02:00,2.5,690.0,86.0,14.0
2025-07-14T13:23:00.000+02:00,5.7,690.0,75.0,8.0
2025-07-14T13:38:00.000+02:00,4.8,690.0,84.0,9.0
2025-07-14T13:53:00.000+02:00,5.4,690.0,91.0,7.0
2025-07-14T14:53:00.000+02:00,3.8,765.0,78.0,9.0
2025-07-14T15:33:00.000+02:00,7.2,923.0,108.0,4.0
2025-07-14T15:53:00.000+02:00,1.8,923.0,94.0,20.0
2025-07-14T16:23:00.000+02:00,1.7,1304.0,69.0,23.0
2025-07-14T16:48:00.000+02:00,2.2,1304.0,74.0,19.0
2025-07-14T17:08:00.000+02:00,2.8,1457.0,91.0,11.0
2025-07-14T17:33:00.000+02:00,2.5,1457.0,91.0,13.0
2025-07-14T17:48:00.000+02:00,4.3,1457.0,97.0,8.0
2025-07-14T18:23:00.000+02:00,8.3,887.0,90.0,4.0
2025-07-14T18:48:00.000+02:00,4.2,887.0,97.0,9.0
2025-07-14T19:13:00.000+02:00,4.1,872.0,98.0,9.0
2025-07-14T19:33:00.000+02:00,9.2,872.0,92.0,4.0
2025-07-14T19:48:00.000+02:00,3.2,872.0,99.0,4.0
2025-07-14T20:23:00.000+02:00,11.9,593.0,111.0,2.0
2025-07-14T20:53:00.000+02:00,1.2,593.0,101.0,1.0
2025-07-14T21:13:00.000+02:00,7.7,456.0,102.0,3.0
2025-07-14T21:28:00.000+02:00,15.1,456.0,94.0,3.0
2025-07-14T21:43:00.000+02:00,20.9,456.0,111.0,1.0
2025-07-14T21:53:00.000+02:00,18.8,456.0,90.0,1.0
2025-07-14T22:28:00.000+02:00,19.4,346.0,94.0,3.0
2025-07-14T22:43:00.000+02:00,22.5,346.0,101.0,0.0
2025-07-14T23:04:00.000+02:00,23.1,212.0,98.0,0.0
2025-07-14T23:29:00.000+02:00,25.4,212.0,104.0,0.0
2025-07-14T23:39:00.000+02:00,0.9,212.0,104.0,0.0
2025-07-14T23:54:00.000+02:00,25.4,212.0,102.0,0.0
2025-07-15T00:19:00.000+02:00,14.6,101.0,104.0,1.0
2025-07-15T00:44:00.000+02:00,25.4,101.0,95.0,0.0
2025-07-15T00:54:00.000+02:00,25.4,101.0,115.0,0.0
2025-07-15T01:24:00.000+02:00,9.4,54.0,106.0,0.0
2025-07-15T01:39:00.000+02:00,25.5,54.0,99.0,0.0
2025-07-15T01:54:00.000+02:00,25.4,54.0,89.0,0.0
2025-07-15T04:04:00.000+02:00,25.4,21.0,91.0,0.0
2025-07-15T05:39:00.000+02:00,12.3,14.0,89.0,1.0
2025-07-15T06:23:00.000+02:00,9.5,85.0,102.0,6.0
2025-07-15T06:53:00.000+02:00,6.5,85.0,94.0,5.0
2025-07-15T07:28:00.000+02:00,2.0,337.0,93.0,16.0
2025-07-15T07:48:00.000+02:00,2.6,337.0,93.0,14.0
2025-07-15T08:23:00.000+02:00,7.9,790.0,89.0,4.0
2025-07-15T08:53:00.000+02:00,4.3,790.0,95.0,7.0
2025-07-15T09:23:00.000+02:00,11.6,629.0,85.0,4.0
2025-07-15T09:43:00.000+02:00,8.0,629.0,105.0,1.0
2025-07-15T09:53:00.000+02:00,4.1,629.0,93.0,10.0
2025-07-15T10:33:00.000+02:00,3.8,518.0,93.0,8.0
2025-07-15T10:58:00.000+02:00,3.8,518.0,80.0,9.0
2025-07-15T11:33:00.000+02:00,3.8,612.0,80.0,10.0
2025-07-15T11:53:00.000+02:00,11.1,612.0,89.0,3.0
2025-07-15T12:23:00.000+02:00,9.4,631.0,90.0,4.0
2025-07-15T12:44:00.000+02:00,7.9,631.0,83.0,5.0
2025-07-15T12:59:00.000+02:00,3.4,631.0,117.0,9.0
2025-07-15T13:24:00.000+02:00,7.1,731.0,96.0,6.0
2025-07-15T13:39:00.000+02:00,3.4,731.0,93.0,8.0
2025-07-15T13:44:00.000+02:00,4.8,731.0,90.0,8.0
2025-07-15T14:44:00.000+02:00,5.8,754.0,93.0,5.0
2025-07-15T15:24:00.000+02:00,5.1,840.0,91.0,6.0
2025-07-15T15:54:00.000+02:00,3.5,840.0,93.0,10.0
2025-07-15T16:19:00.000+02:00,3.2,1177.0,81.0,11.0
2025-07-15T16:39:00.000+02:00,4.5,1177.0,86.0,8.0
2025-07-15T17:24:00.000+02:00,3.3,1109.0,94.0,10.0
2025-07-15T17:44:00.000+02:00,3.6,1109.0,96.0,7.0
2025-07-15T17:59:00.000+02:00,7.0,1109.0,88.0,4.0
2025-07-15T18:34:00.000+02:00,4.1,737.0,104.0,11.0
2025-07-15T18:54:00.000+02:00,5.6,737.0,95.0,6.0
2025-07-15T19:24:00.000+02:00,11.1,620.0,100.0,2.0
2025-07-15T19:44:00.000+02:00,7.2,620.0,92.0,4.0
2025-07-15T19:54:00.000+02:00,5.0,620.0,106.0,8.0
2025-07-15T20:39:00.000+02:00,7.5,596.0,101.0,5.0
2025-07-15T20:54:00.000+02:00,15.9,596.0,94.0,2.0
2025-07-15T21:24:00.000+02:00,17.1,469.0,96.0,2.0
2025-07-15T21:39:00.000+02:00,13.3,469.0,109.0,3.0
2025-07-15T21:49:00.000+02:00,4.2,469.0,99.0,1.0
2025-07-15T22:19:00.000+02:00,5.9,356.0,105.0,5.0
2025-07-15T22:39:00.000+02:00,21.1,356.0,110.0,2.0
2025-07-15T22:54:00.000+02:00,25.4,356.0,101.0,0.0
2025-07-15T23:24:00.000+02:00,15.8,224.0,95.0,1.0
2025-07-15T23:39:00.000+02:00,5.7,224.0,126.0,0.0
2025-07-15T23:49:00.000+02:00,12.9,224.0,92.0,1.0
2025-07-16T00:14:00.000+02:00,24.7,117.0,108.0,1.0
2025-07-16T00:39:00.000+02:00,25.4,117.0,103.0,0.0
2025-07-16T00:54:00.000+02:00,15.1,117.0,100.0,0.0
2025-07-16T01:19:00.000+02:00,25.4,54.0,112.0,0.0
2025-07-16T01:34:00.000+02:00,25.4,54.0,105.0,0.0
2025-07-16T01:49:00.000+02:00,25.4,54.0,101.0,0.0
2025-07-16T03:19:00.000+02:00,5.9,22.0,97.0,0.0
2025-07-16T05:14:00.000+02:00,25.4,20.0,102.0,0.0
2025-07-16T06:04:00.000+02:00,20.0,72.0,98.0,0.0
2025-07-16T06:49:00.000+02:00,12.4,72.0,91.0,3.0
2025-07-16T07:14:00.000+02:00,4.7,340.0,104.0,6.0
2025-07-16T07:44:00.000+02:00,3.6,340.0,101.0,9.0
2025-07-16T07:54:00.000+02:00,5.7,340.0,89.0,6.0
2025-07-16T08:39:00.000+02:00,6.6,717.0,96.0,5.0
2025-07-16T08:59:00.000+02:00,4.4,717.0,95.0,10.0
2025-07-16T09:29:00.000+02:00,15.3,582.0,95.0,2.0
2025-07-16T09:44:00.000+02:00,8.5,582.0,88.0,5.0
2025-07-16T09:54:00.000+02:00,4.6,582.0,85.0,8.0
2025-07-16T10:34:00.000+02:00,3.9,569.0,78.0,10.0
2025-07-16T10:58:00.000+02:00,4.0,569.0,83.0,9.0
2025-07-16T11:33:00.000+02:00,5.5,631.0,90.0,6.0
2025-07-16T11:48:00.000+02:00,4.3,631.0,92.0,8.0
2025-07-16T12:18:00.000+02:00,6.5,668.0,111.0,4.0
2025-07-16T12:43:00.000+02:00,3.6,668.0,96.0,8.0
2025-07-16T12:53:00.000+02:00,5.3,668.0,100.0,5.0
2025-07-16T13:23:00.000+02:00,6.5,766.0,108.0,5.0
2025-07-16T13:38:00.000+02:00,4.1,766.0,86.0,11.0
2025-07-16T13:48:00.000+02:00,2.7,766.0,80.0,15.0
2025-07-16T14:38:00.000+02:00,3.6,734.0,91.0,12.0
2025-07-16T15:23:00.000+02:00,3.3,925.0,82.0,11.0
2025-07-16T15:53:00.000+02:00,2.3,925.0,89.0,14.0
2025-07-16T16:23:00.000+02:00,1.8,1290.0,99.0,17.0
2025-07-16T16:43:00.000+02:00,3.3,1290.0,93.0,11.0
2025-07-16T16:53:00.000+02:00,3.5,1290.0,96.0,8.0
2025-07-16T17:28:00.000+02:00,5.4,1186.0,113.0,6.0
2025-07-16T17:48:00.000+02:00,4.4,1186.0,92.0,8.0
2025-07-16T18:08:00.000+02:00,8.3,786.0,109.0,4.0
2025-07-16T18:43:00.000+02:00,5.3,786.0,84.0,7.0
2025-07-16T19:09:00.000+02:00,6.5,557.0,109.0,5.0
2025-07-16T19:34:00.000+02:00,6.4,557.0,93.0,5.0
2025-07-16T19:49:00.000+02:00,11.7,557.0,94.0,3.0
2025-07-16T20:24:00.000+02:00,13.3,492.0,95.0,2.0
2025-07-16T20:54:00.000+02:00,7.4,492.0,91.0,3.0
2025-07-16T21:19:00.000+02:00,6.4,476.0,96.0,4.0
2025-07-16T21:34:00.000+02:00,5.9,476.0,96.0,5.0
2025-07-16T21:44:00.000+02:00,10.5,476.0,88.0,5.0
2025-07-16T21:54:00.000+02:00,7.4,476.0,108.0,4.0
2025-07-16T22:29:00.000+02:00,5.6,383.0,97.0,1.0
2025-07-16T22:49:00.000+02:00,13.0,383.0,103.0,1.0
2025-07-16T23:09:00.000+02:00,19.8,255.0,105.0,3.0
2025-07-16T23:29:00.000+02:00,7.9,255.0,116.0,0.0
2025-07-16T23:44:00.000+02:00,24.5,255.0,106.0,0.0
2025-07-16T23:54:00.000+02:00,18.5,255.0,95.0,0.0
2025-07-17T00:29:00.000+02:00,25.4,117.0,100.0,0.0
2025-07-17T00:49:00.000+02:00,25.4,117.0,107.0,0.0
2025-07-17T01:09:00.000+02:00,9.3,61.0,113.0,1.0
2025-07-17T01:29:00.000+02:00,25.4,61.0,99.0,0.0
2025-07-17T01:44:00.000+02:00,25.4,61.0,101.0,0.0
2025-07-17T01:54:00.000+02:00,25.4,61.0,103.0,0.0
2025-07-17T04:19:00.000+02:00,16.7,23.0,125.0,0.0
2025-07-17T05:44:00.000+02:00,4.2,19.0,95.0,0.0
2025-07-17T06:24:00.000+02:00,11.8,58.0,99.0,2.0
2025-07-17T06:54:00.000+02:00,4.3,58.0,91.0,7.0
2025-07-17T07:29:00.000+02:00,3.9,328.0,102.0,8.0
2025-07-17T07:49:00.000+02:00,3.6,328.0,90.0,10.0
2025-07-17T08:24:00.000+02:00,3.5,748.0,80.0,10.0
2025-07-17T08:54:00.000+02:00,4.7,748.0,101.0,7.0
2025-07-17T09:24:00.000+02:00,8.1,619.0,93.0,4.0
2025-07-17T09:39:00.000+02:00,4.1,619.0,86.0,9.0
2025-07-17T09:49:00.000+02:00,10.6,619.0,93.0,4.0
2025-07-17T10:29:00.000+02:00,10.0,583.0,93.0,2.0
2025-07-17T10:54:00.000+02:00,6.0,583.0,90.0,5.0
2025-07-17T11:29:00.000+02:00,5.1,674.0,79.0,9.0
2025-07-17T11:44:00.000+02:00,5.4,674.0,98.0,5.0
2025-07-17T12:09:00.000+02:00,5.3,701.0,107.0,6.0
2025-07-17T12:39:00.000+02:00,4.1,701.0,94.0,5.0
2025-07-17T12:54:00.000+02:00,4.6,701.0,96.0,7.0
2025-07-17T13:19:00.000+02:00,4.7,760.0,97.0,7.0
2025-07-17T13:39:00.000+02:00,4.2,760.0,87.0,8.0
2025-07-17T13:49:00.000+02:00,4.3,760.0,83.0,8.0
2025-07-17T14:34:00.000+02:00,3.6,762.0,94.0,10.0
2025-07-17T15:24:00.000+02:00,1.7,975.0,79.0,21.0
2025-07-17T15:49:00.000+02:00,1.9,975.0,88.0,19.0
2025-07-17T16:18:00.000+02:00,1.5,1353.0,83.0,23.0
2025-07-17T16:38:00.000+02:00,2.4,1353.0,90.0,14.0
2025-07-17T16:53:00.000+02:00,3.2,1353.0,92.0,10.0
2025-07-17T17:28:00.000+02:00,3.6,1335.0,95.0,6.0
2025-07-17T17:48:00.000+02:00,2.7,1335.0,86.0,13.0
2025-07-17T18:08:00.000+02:00,3.1,869.0,87.0,16.0
2025-07-17T18:43:00.000+02:00,4.4,869.0,82.0,9.0
2025-07-17T18:58:00.000+02:00,4.1,869.0,86.0,8.0
2025-07-17T19:28:00.000+02:00,7.3,765.0,100.0,4.0
2025-07-17T19:43:00.000+02:00,11.1,765.0,112.0,2.0
2025-07-17T19:58:00.000+02:00,5.8,765.0,90.0,6.0
2025-07-17T20:38:00.000+02:00,2.7,661.0,92.0,10.0
2025-07-17T20:58:00.000+02:00,5.2,661.0,106.0,6.0
2025-07-17T21:23:00.000+02:00,14.7,588.0,115.0,1.0
2025-07-17T21:38:00.000+02:00,8.1,588.0,95.0,2.0
2025-07-17T21:48:00.000+02:00,10.1,588.0,112.0,2.0
2025-07-17T22:18:00.000+02:00,9.1,363.0,87.0,4.0
2025-07-17T22:38:00.000+02:00,22.1,363.0,113.0,1.0
2025-07-17T22:54:00.000+02:00,7.9,363.0,107.0,2.0
2025-07-17T23:24:00.000+02:00,16.1,268.0,122.0,2.0
2025-07-17T23:39:00.000+02:00,22.4,268.0,95.0,1.0
2025-07-17T23:49:00.000+02:00,24.2,268.0,104.0,0.0
2025-07-18T00:14:00.000+02:00,8.2,129.0,118.0,0.0
2025-07-18T00:39:00.000+02:00,23.2,129.0,119.0,0.0
2025-07-18T00:54:00.000+02:00,25.4,129.0,100.0,0.0
2025-07-18T01:19:00.000+02:00,6.4,66.0,94.0,0.0
2025-07-18T01:39:00.000+02:00,25.4,66.0,95.0,0.0
2025-07-18T01:49:00.000+02:00,25.4,66.0,98.0,0.0
2025-07-18T03:24:00.000+02:00,6.7,23.0,106.0,0.0
2025-07-18T05:14:00.000+02:00,16.6,27.0,119.0,1.0
2025-07-18T06:09:00.000+02:00,13.5,78.0,114.0,1.0
2025-07-18T06:49:00.000+02:00,6.0,78.0,97.0,5.0
2025-07-18T07:24:00.000+02:00,4.5,373.0,97.0,7.0
2025-07-18T07:49:00.000+02:00,6.3,373.0,102.0,5.0
2025-07-18T08:14:00.000+02:00,5.3,722.0,95.0,6.0
2025-07-18T08:49:00.000+02:00,6.9,722.0,112.0,4.0
2025-07-18T09:19:00.000+02:00,5.8,547.0,85.0,5.0
2025-07-18T09:39:00.000+02:00,14.8,547.0,102.0,2.0
2025-07-18T09:54:00.000+02:00,5.9,547.0,98.0,7.0
2025-07-18T10:29:00.000+02:00,3.7,537.0,82.0,10.0
2025-07-18T10:54:00.000+02:00,8.2,537.0,96.0,5.0
2025-07-18T11:29:00.000+02:00,6.1,682.0,92.0,10.0
2025-07-18T11:49:00.000+02:00,19.1,682.0,94.0,1.0
2025-07-18T12:14:00.000+02:00,3.1,738.0,82.0,11.0
2025-07-18T12:39:00.000+02:00,3.6,738.0,86.0,11.0
2025-07-18T12:54:00.000+02:00,17.6,738.0,91.0,1.0
2025-07-18T13:24:00.000+02:00,6.6,812.0,101.0,5.0
2025-07-18T13:39:00.000+02:00,6.0,812.0,99.0,5.0
2025-07-18T13:49:00.000+02:00,5.3,812.0,86.0,8.0
2025-07-18T14:49:00.000+02:00,2.7,884.0,84.0,13.0
2025-07-18T15:29:00.000+02:00,8.5,951.0,101.0,4.0
2025-07-18T15:54:00.000+02:00,2.2,951.0,90.0,16.0
2025-07-18T16:24:00.000+02:00,12.5,1197.0,7.0,0.0
2025-07-18T16:44:00.000+02:00,0.0,1197.0,7.0,0.0
2025-07-18T17:04:00.000+02:00,1.8,789.0,74.0,20.0
2025-07-18T17:29:00.000+02:00,3.9,789.0,98.0,8.0
2025-07-18T17:49:00.000+02:00,5.1,789.0,93.0,7.0
2025-07-18T18:19:00.000+02:00,5.6,976.0,103.0,6.0
2025-07-18T18:49:00.000+02:00,8.4,976.0,93.0,4.0
2025-07-18T19:14:00.000+02:00,3.5,743.0,86.0,10.0
2025-07-18T19:39:00.000+02:00,4.8,743.0,90.0,8.0
2025-07-18T19:54:00.000+02:00,6.2,743.0,95.0,5.0
2025-07-18T20:34:00.000+02:00,5.8,750.0,89.0,6.0
2025-07-18T20:54:00.000+02:00,12.2,750.0,106.0,2.0
2025-07-18T21:18:00.000+02:00,6.0,673.0,103.0,5.0
2025-07-18T21:28:00.000+02:00,6.4,673.0,90.0,7.0
2025-07-18T21:48:00.000+02:00,25.4,673.0,102.0,0.0
2025-07-18T22:08:00.000+02:00,15.4,426.0,108.0,0.0
2025-07-18T22:33:00.000+02:00,21.2,426.0,105.0,1.0
2025-07-18T22:48:00.000+02:00,11.7,426.0,106.0,1.0
2025-07-18T23:13:00.000+02:00,18.5,273.0,106.0,2.0
2025-07-18T23:33:00.000+02:00,14.6,273.0,108.0,0.0
2025-07-18T23:48:00.000+02:00,18.4,273.0,101.0,2.0
2025-07-19T00:08:00.000+02:00,25.4,194.0,98.0,0.0
2025-07-19T00:33:00.000+02:00,25.4,194.0,97.0,0.0
2025-07-19T00:48:00.000+02:00,25.4,194.0,113.0,1.0
2025-07-19T01:13:00.000+02:00,25.4,104.0,126.0,0.0
2025-07-19T01:33:00.000+02:00,25.4,104.0,104.0,0.0
2025-07-19T01:48:00.000+02:00,25.4,104.0,106.0,0.0
2025-07-19T02:54:00.000+02:00,25.4,51.0,99.0,0.0
2025-07-19T04:49:00.000+02:00,9.4,31.0,82.0,2.0
2025-07-19T05:49:00.000+02:00,16.6,42.0,102.0,0.0
2025-07-19T06:24:00.000+02:00,14.8,63.0,93.0,1.0
2025-07-19T06:54:00.000+02:00,6.4,63.0,107.0,4.0
2025-07-19T07:19:00.000+02:00,7.3,183.0,85.0,3.0
2025-07-19T07:44:00.000+02:00,12.7,183.0,82.0,2.0
2025-07-19T07:54:00.000+02:00,15.9,183.0,100.0,2.0
2025-07-19T08:34:00.000+02:00,6.4,280.0,102.0,4.0
2025-07-19T08:54:00.000+02:00,9.0,280.0,103.0,6.0
2025-07-19T09:19:00.000+02:00,8.9,398.0,99.0,5.0
2025-07-19T09:39:00.000+02:00,7.2,398.0,101.0,5.0
2025-07-19T09:49:00.000+02:00,8.3,398.0,94.0,4.0
2025-07-19T10:14:00.000+02:00,4.3,491.0,84.0,5.0
2025-07-19T10:39:00.000+02:00,7.0,491.0,102.0,4.0
2025-07-19T10:54:00.000+02:00,7.9,491.0,86.0,4.0
2025-07-19T11:24:00.000+02:00,7.0,642.0,88.0,5.0
2025-07-19T11:39:00.000+02:00,8.0,642.0,86.0,4.0
2025-07-19T11:54:00.000+02:00,3.2,642.0,77.0,9.0
2025-07-19T12:24:00.000+02:00,4.0,659.0,88.0,10.0
2025-07-19T12:44:00.000+02:00,4.0,659.0,79.0,9.0
2025-07-19T12:54:00.000+02:00,10.7,659.0,86.0,4.0
2025-07-19T13:19:00.000+02:00,2.1,770.0,77.0,17.0
2025-07-19T13:34:00.000+02:00,6.3,770.0,92.0,5.0
2025-07-19T13:44:00.000+02:00,6.5,770.0,97.0,5.0
2025-07-19T14:14:00.000+02:00,8.0,727.0,98.0,4.0
2025-07-19T14:59:00.000+02:00,3.5,727.0,82.0,10.0
2025-07-19T15:34:00.000+02:00,3.2,667.0,99.0,10.0
2025-07-19T15:49:00.000+02:00,8.0,667.0,100.0,4.0
2025-07-19T16:14:00.000+02:00,4.1,652.0,93.0,8.0
2025-07-19T16:34:00.000+02:00,8.6,652.0,115.0,2.0
2025-07-19T16:49:00.000+02:00,5.2,652.0,102.0,6.0
2025-07-19T17:09:00.000+02:00,5.3,724.0,94.0,7.0
2025-07-19T17:29:00.000+02:00,12.2,724.0,105.0,2.0
2025-07-19T17:49:00.000+02:00,2.9,724.0,97.0,12.0
2025-07-19T18:09:00.000+02:00,2.6,736.0,95.0,13.0
2025-07-19T18:39:00.000+02:00,9.0,736.0,91.0,6.0
2025-07-19T18:54:00.000+02:00,5.6,736.0,94.0,6.0
2025-07-19T19:24:00.000+02:00,8.0,588.0,91.0,5.0
2025-07-19T19:44:00.000+02:00,5.6,588.0,95.0,6.0
2025-07-19T19:54:00.000+02:00,6.2,588.0,86.0,5.0
2025-07-19T20:34:00.000+02:00,5.5,618.0,85.0,5.0
2025-07-19T20:49:00.000+02:00,6.3,618.0,101.0,4.0
2025-07-19T21:14:00.000+02:00,14.0,604.0,107.0,1.0
2025-07-19T21:24:00.000+02:00,9.9,604.0,102.0,1.0
2025-07-19T21:39:00.000+02:00,17.3,604.0,130.0,1.0
2025-07-19T21:49:00.000+02:00,6.8,604.0,99.0,4.0
2025-07-19T22:19:00.000+02:00,17.9,422.0,117.0,1.0
2025-07-19T22:39:00.000+02:00,14.8,422.0,104.0,0.0
2025-07-19T22:49:00.000+02:00,4.8,422.0,114.0,0.0
2025-07-19T23:14:00.000+02:00,13.8,239.0,99.0,1.0
2025-07-19T23:34:00.000+02:00,10.0,239.0,106.0,1.0
2025-07-19T23:44:00.000+02:00,4.6,239.0,115.0,0.0
2025-07-19T23:59:00.000+02:00,18.1,239.0,89.0,2.0
2025-07-20T00:24:00.000+02:00,14.4,170.0,98.0,0.0
2025-07-20T00:45:00.000+02:00,25.4,170.0,99.0,0.0
2025-07-20T00:55:00.000+02:00,24.6,170.0,94.0,0.0
2025-07-20T01:25:00.000+02:00,0.1,123.0,95.0,1.0
2025-07-20T01:45:00.000+02:00,25.0,123.0,94.0,1.0
2025-07-20T01:50:00.000+02:00,1.4,123.0,97.0,0.0
2025-07-20T04:28:00.000+02:00,25.4,33.0,84.0,0.0
2025-07-20T05:53:00.000+02:00,25.4,29.0,100.0,0.0
2025-07-20T06:43:00.000+02:00,16.4,39.0,92.0,2.0
2025-07-20T07:14:00.000+02:00,17.5,87.0,85.0,0.0
2025-07-20T07:39:00.000+02:00,25.4,87.0,89.0,0.0
2025-07-20T07:54:00.000+02:00,17.4,87.0,96.0,3.0
2025-07-20T08:29:00.000+02:00,9.9,142.0,88.0,3.0
2025-07-20T08:54:00.000+02:00,15.6,142.0,101.0,3.0
2025-07-20T09:19:00.000+02:00,22.4,219.0,85.0,4.0
2025-07-20T09:34:00.000+02:00,8.4,219.0,94.0,4.0
2025-07-20T09:49:00.000+02:00,9.4,219.0,97.0,3.0
2025-07-20T10:09:00.000+02:00,18.6,318.0,98.0,1.0
2025-07-20T10:39:00.000+02:00,8.7,318.0,88.0,5.0
2025-07-20T10:54:00.000+02:00,8.4,318.0,91.0,4.0
2025-07-20T11:24:00.000+02:00,6.9,451.0,85.0,6.0
2025-07-20T11:44:00.000+02:00,12.4,451.0,87.0,4.0
2025-07-20T11:54:00.000+02:00,8.3,451.0,89.0,4.0
2025-07-20T12:14:00.000+02:00,5.8,499.0,78.0,6.0
2025-07-20T12:44:00.000+02:00,8.2,499.0,98.0,4.0
2025-07-20T12:59:00.000+02:00,3.5,499.0,78.0,10.0
2025-07-20T13:19:00.000+02:00,2.6,542.0,86.0,5.0
2025-07-20T13:34:00.000+02:00,5.3,542.0,84.0,7.0
2025-07-20T13:44:00.000+02:00,7.0,542.0,89.0,5.0
2025-07-20T14:14:00.000+02:00,4.7,594.0,83.0,9.0
2025-07-20T14:59:00.000+02:00,4.6,594.0,83.0,6.0
2025-07-20T15:34:00.000+02:00,6.6,628.0,105.0,9.0
2025-07-20T15:49:00.000+02:00,4.6,628.0,87.0,8.0
2025-07-20T16:09:00.000+02:00,4.8,626.0,103.0,6.0
2025-07-20T16:34:00.000+02:00,18.4,626.0,113.0,2.0
2025-07-20T16:49:00.000+02:00,4.2,626.0,74.0,8.0
2025-07-20T17:09:00.000+02:00,2.8,746.0,100.0,12.0
2025-07-20T17:29:00.000+02:00,3.7,746.0,98.0,6.0
2025-07-20T17:44:00.000+02:00,6.2,746.0,90.0,5.0
2025-07-20T18:04:00.000+02:00,5.6,890.0,98.0,7.0
2025-07-20T18:34:00.000+02:00,3.2,890.0,84.0,12.0
2025-07-20T18:54:00.000+02:00,4.2,890.0,89.0,9.0
2025-07-20T19:19:00.000+02:00,3.1,859.0,88.0,10.0
2025-07-20T19:39:00.000+02:00,3.3,859.0,91.0,10.0
2025-07-20T19:49:00.000+02:00,3.2,859.0,92.0,9.0
2025-07-20T20:14:00.000+02:00,4.2,925.0,89.0,8.0
2025-07-20T20:44:00.000+02:00,3.7,925.0,99.0,9.0
2025-07-20T21:04:00.000+02:00,3.0,806.0,97.0,11.0
2025-07-20T21:24:00.000+02:00,4.8,806.0,98.0,2.0
2025-07-20T21:34:00.000+02:00,7.2,806.0,92.0,5.0
2025-07-20T21:49:00.000+02:00,5.1,806.0,89.0,7.0
2025-07-20T22:09:00.000+02:00,4.3,724.0,108.0,9.0
2025-07-20T22:34:00.000+02:00,8.9,724.0,96.0,3.0
2025-07-20T22:49:00.000+02:00,13.6,724.0,93.0,3.0
2025-07-20T23:09:00.000+02:00,10.1,463.0,102.0,3.0
2025-07-20T23:29:00.000+02:00,12.2,463.0,96.0,3.0
2025-07-20T23:39:00.000+02:00,5.1,463.0,114.0,0.0
2025-07-20T23:54:00.000+02:00,12.4,463.0,115.0,4.0
2025-07-21T00:24:00.000+02:00,10.9,292.0,93.0,0.0
2025-07-21T00:44:00.000+02:00,25.4,292.0,94.0,0.0
2025-07-21T00:54:00.000+02:00,2.4,292.0,100.0,0.0
2025-07-21T01:24:00.000+02:00,25.4,108.0,122.0,0.0
2025-07-21T01:39:00.000+02:00,25.4,108.0,101.0,0.0
2025-07-21T01:49:00.000+02:00,25.4,108.0,86.0,0.0
2025-07-21T04:24:00.000+02:00,16.3,20.0,119.0,0.0
2025-07-21T05:49:00.000+02:00,13.8,30.0,99.0,2.0
2025-07-21T06:40:00.000+02:00,5.7,119.0,92.0,5.0
2025-07-21T07:13:00.000+02:00,8.4,430.0,106.0,3.0
2025-07-21T07:43:00.000+02:00,3.5,430.0,90.0,9.0
2025-07-21T07:53:00.000+02:00,2.0,430.0,93.0,16.0
2025-07-21T08:44:00.000+02:00,4.3,780.0,94.0,9.0
2025-07-21T09:39:00.000+02:00,7.0,671.0,88.0,5.0
2025-07-21T09:54:00.000+02:00,2.4,671.0,84.0,14.0
2025-07-21T10:39:00.000+02:00,4.5,597.0,100.0,9.0
2025-07-21T10:59:00.000+02:00,7.4,597.0,88.0,4.0
2025-07-21T11:34:00.000+02:00,4.7,688.0,76.0,9.0
2025-07-21T11:54:00.000+02:00,4.0,688.0,86.0,10.0
2025-07-21T12:24:00.000+02:00,3.2,762.0,111.0,8.0
2025-07-21T12:49:00.000+02:00,3.3,762.0,95.0,9.0
2025-07-21T13:09:00.000+02:00,2.9,834.0,78.0,14.0
2025-07-21T13:29:00.000+02:00,7.7,834.0,92.0,5.0
2025-07-21T13:44:00.000+02:00,5.9,834.0,101.0,4.0
2025-07-21T13:54:00.000+02:00,4.4,834.0,90.0,9.0
2025-07-21T14:59:00.000+02:00,3.2,770.0,88.0,11.0
2025-07-21T15:44:00.000+02:00,3.0,986.0,72.0,12.0
2025-07-21T16:09:00.000+02:00,1.5,1321.0,87.0,22.0
2025-07-21T16:39:00.000+02:00,5.5,1321.0,107.0,5.0
2025-07-21T16:54:00.000+02:00,2.3,1321.0,96.0,15.0
2025-07-21T17:29:00.000+02:00,3.6,1288.0,94.0,9.0
2025-07-21T17:49:00.000+02:00,3.5,1288.0,90.0,9.0
2025-07-21T18:14:00.000+02:00,3.0,906.0,94.0,13.0
2025-07-21T18:44:00.000+02:00,4.8,906.0,106.0,7.0
2025-07-21T19:09:00.000+02:00,3.7,772.0,85.0,10.0
2025-07-21T19:34:00.000+02:00,7.0,772.0,97.0,5.0
2025-07-21T19:49:00.000+02:00,9.0,772.0,98.0,2.0
2025-07-21T20:24:00.000+02:00,10.0,596.0,103.0,2.0
2025-07-21T20:54:00.000+02:00,8.8,596.0,94.0,4.0
2025-07-21T21:19:00.000+02:00,12.9,473.0,90.0,2.0
2025-07-21T21:34:00.000+02:00,12.3,473.0,115.0,2.0
2025-07-21T21:44:00.000+02:00,17.0,473.0,111.0,2.0
2025-07-21T22:09:00.000+02:00,2.1,308.0,99.0,2.0
2025-07-21T22:34:00.000+02:00,7.4,308.0,95.0,3.0
2025-07-21T22:49:00.000+02:00,25.4,308.0,100.0,0.0
2025-07-21T23:14:00.000+02:00,18.8,207.0,102.0,2.0
2025-07-21T23:39:00.000+02:00,25.4,207.0,107.0,0.0
2025-07-21T23:49:00.000+02:00,15.1,207.0,89.0,1.0
2025-07-22T00:14:00.000+02:00,23.4,100.0,105.0,1.0
2025-07-22T00:39:00.000+02:00,25.4,100.0,117.0,0.0
2025-07-22T00:49:00.000+02:00,23.5,100.0,100.0,0.0
2025-07-22T01:19:00.000+02:00,5.2,50.0,125.0,0.0
2025-07-22T01:34:00.000+02:00,25.4,50.0,99.0,0.0
2025-07-22T01:49:00.000+02:00,25.4,50.0,98.0,0.0
2025-07-22T03:19:00.000+02:00,25.4,12.0,101.0,0.0
2025-07-22T05:09:00.000+02:00,7.5,23.0,98.0,1.0
2025-07-22T06:04:00.000+02:00,5.6,73.0,116.0,1.0
2025-07-22T06:49:00.000+02:00,8.8,73.0,102.0,4.0
2025-07-22T07:19:00.000+02:00,5.0,343.0,108.0,6.0
2025-07-22T07:45:00.000+02:00,8.0,343.0,96.0,4.0
2025-07-22T07:55:00.000+02:00,3.0,343.0,83.0,13.0
2025-07-22T08:40:00.000+02:00,5.8,667.0,99.0,7.0
2025-07-22T09:00:00.000+02:00,8.6,667.0,92.0,5.0
2025-07-22T09:30:00.000+02:00,7.9,574.0,99.0,3.0
2025-07-22T09:45:00.000+02:00,3.2,574.0,68.0,13.0
2025-07-22T09:55:00.000+02:00,5.6,574.0,94.0,6.0
2025-07-22T10:35:00.000+02:00,9.4,573.0,93.0,5.0
2025-07-22T10:55:00.000+02:00,13.1,573.0,112.0,2.0
2025-07-22T11:30:00.000+02:00,3.5,642.0,95.0,4.0
2025-07-22T11:50:00.000+02:00,2.6,642.0,83.0,13.0
2025-07-22T12:18:00.000+02:00,3.9,717.0,81.0,10.0
2025-07-22T12:43:00.000+02:00,4.5,717.0,95.0,8.0
2025-07-22T12:53:00.000+02:00,3.7,717.0,85.0,9.0
2025-07-22T13:23:00.000+02:00,3.9,721.0,90.0,7.0
2025-07-22T13:28:00.000+02:00,2.6,721.0,94.0,12.0
2025-07-22T13:48:00.000+02:00,7.1,721.0,100.0,5.0
2025-07-22T14:43:00.000+02:00,3.8,749.0,102.0,8.0
2025-07-22T15:24:00.000+02:00,2.3,887.0,94.0,15.0
2025-07-22T15:54:00.000+02:00,1.8,887.0,87.0,18.0
2025-07-22T16:24:00.000+02:00,1.4,1154.0,88.0,25.0
2025-07-22T16:49:00.000+02:00,14.1,1154.0,92.0,2.0
2025-07-22T17:09:00.000+02:00,4.3,1048.0,95.0,7.0
2025-07-22T17:39:00.000+02:00,5.3,1048.0,94.0,4.0
2025-07-22T17:54:00.000+02:00,4.9,1048.0,91.0,6.0
2025-07-22T18:29:00.000+02:00,6.4,716.0,100.0,5.0
2025-07-22T18:54:00.000+02:00,4.3,716.0,94.0,7.0
2025-07-22T19:24:00.000+02:00,3.2,665.0,103.0,10.0
2025-07-22T19:44:00.000+02:00,3.4,665.0,102.0,9.0
2025-07-22T19:54:00.000+02:00,3.6,665.0,95.0,9.0
2025-07-22T20:39:00.000+02:00,13.2,727.0,106.0,2.0
2025-07-22T20:59:00.000+02:00,8.7,727.0,96.0,3.0
2025-07-22T21:24:00.000+02:00,19.5,444.0,90.0,0.0
2025-07-22T21:39:00.000+02:00,8.7,444.0,86.0,2.0
2025-07-22T21:49:00.000+02:00,7.5,444.0,90.0,5.0
2025-07-22T22:14:00.000+02:00,14.2,312.0,92.0,3.0
2025-07-22T22:39:00.000+02:00,8.5,312.0,98.0,1.0
2025-07-22T22:54:00.000+02:00,1.2,312.0,86.0,1.0
2025-07-22T23:19:00.000+02:00,12.2,180.0,95.0,0.0
2025-07-22T23:39:00.000+02:00,23.7,180.0,101.0,1.0
2025-07-22T23:49:00.000+02:00,12.6,180.0,91.0,1.0
2025-07-23T00:14:00.000+02:00,17.4,102.0,88.0,1.0
2025-07-23T00:39:00.000+02:00,18.8,102.0,94.0,0.0
2025-07-23T00:49:00.000+02:00,25.4,102.0,101.0,0.0
2025-07-23T01:19:00.000+02:00,18.9,55.0,94.0,0.0
2025-07-23T01:34:00.000+02:00,7.3,55.0,106.0,0.0
2025-07-23T01:49:00.000+02:00,25.4,55.0,105.0,0.0
2025-07-23T03:24:00.000+02:00,25.4,18.0,100.0,0.0
2025-07-23T05:14:00.000+02:00,7.5,16.0,101.0,0.0
2025-07-23T06:09:00.000+02:00,14.7,70.0,102.0,2.0
2025-07-23T06:49:00.000+02:00,9.6,70.0,74.0,4.0
2025-07-23T07:24:00.000+02:00,4.1,414.0,77.0,10.0
2025-07-23T07:49:00.000+02:00,6.6,414.0,74.0,6.0
2025-07-23T08:24:00.000+02:00,1.7,815.0,39.0,33.0
2025-07-23T08:54:00.000+02:00,14.0,815.0,91.0,3.0
2025-07-23T09:29:00.000+02:00,12.3,891.0,88.0,4.0
2025-07-23T09:44:00.000+02:00,11.0,891.0,90.0,2.0
2025-07-23T10:09:00.000+02:00,7.5,569.0,93.0,6.0
2025-07-23T10:44:00.000+02:00,7.4,569.0,90.0,5.0
2025-07-23T11:09:00.000+02:00,4.5,625.0,72.0,11.0
2025-07-23T11:39:00.000+02:00,11.0,625.0,94.0,3.0
2025-07-23T11:54:00.000+02:00,5.0,625.0,69.0,8.0
2025-07-23T12:29:00.000+02:00,3.0,679.0,102.0,14.0
2025-07-23T12:49:00.000+02:00,9.7,679.0,94.0,4.0
2025-07-23T13:14:00.000+02:00,4.0,742.0,106.0,8.0
2025-07-23T13:34:00.000+02:00,6.7,742.0,110.0,4.0
2025-07-23T13:44:00.000+02:00,5.7,742.0,94.0,5.0
2025-07-23T13:54:00.000+02:00,5.2,742.0,90.0,7.0
2025-07-23T15:00:00.000+02:00,2.5,790.0,104.0,11.0
2025-07-23T15:45:00.000+02:00,3.7,898.0,75.0,12.0
2025-07-23T15:55:00.000+02:00,3.1,898.0,104.0,9.0
2025-07-23T16:20:00.000+02:00,2.8,1194.0,90.0,13.0
2025-07-23T16:50:00.000+02:00,5.0,1194.0,89.0,7.0
2025-07-23T17:23:00.000+02:00,5.5,1083.0,100.0,7.0
2025-07-23T17:38:00.000+02:00,3.6,1083.0,92.0,9.0
2025-07-23T18:08:00.000+02:00,4.2,758.0,98.0,8.0
2025-07-23T18:43:00.000+02:00,6.1,758.0,85.0,4.0
2025-07-23T19:08:00.000+02:00,11.8,640.0,107.0,2.0
2025-07-23T19:38:00.000+02:00,3.8,640.0,107.0,8.0
2025-07-23T19:48:00.000+02:00,7.2,640.0,108.0,4.0
2025-07-23T20:28:00.000+02:00,1.8,578.0,95.0,1.0
2025-07-23T20:54:00.000+02:00,13.5,578.0,94.0,3.0
2025-07-23T21:19:00.000+02:00,6.9,522.0,84.0,6.0
2025-07-23T21:34:00.000+02:00,7.8,522.0,101.0,5.0
2025-07-23T21:49:00.000+02:00,9.8,522.0,108.0,3.0
2025-07-23T22:14:00.000+02:00,5.7,405.0,101.0,8.0
2025-07-23T22:39:00.000+02:00,7.0,405.0,94.0,5.0
2025-07-23T22:54:00.000+02:00,24.9,405.0,98.0,1.0
2025-07-23T23:24:00.000+02:00,8.7,280.0,113.0,0.0
2025-07-23T23:39:00.000+02:00,25.4,280.0,93.0,0.0
2025-07-23T23:49:00.000+02:00,16.6,280.0,101.0,2.0
2025-07-24T00:19:00.000+02:00,7.7,127.0,100.0,1.0
2025-07-24T00:39:00.000+02:00,25.4,127.0,89.0,0.0
2025-07-24T00:54:00.000+02:00,21.0,127.0,107.0,0.0
2025-07-24T01:24:00.000+02:00,25.4,69.0,92.0,0.0
2025-07-24T01:39:00.000+02:00,25.4,69.0,117.0,0.0
2025-07-24T01:54:00.000+02:00,25.4,69.0,88.0,0.0
2025-07-24T04:09:00.000+02:00,25.4,28.0,104.0,0.0
2025-07-24T05:39:00.000+02:00,25.4,28.0,111.0,0.0
2025-07-24T06:24:00.000+02:00,13.1,82.0,107.0,2.0
2025-07-24T06:54:00.000+02:00,10.2,82.0,98.0,3.0
2025-07-24T07:34:00.000+02:00,5.3,368.0,111.0,4.0
2025-07-24T07:49:00.000+02:00,4.6,368.0,83.0,9.0
2025-07-24T08:29:00.000+02:00,14.0,694.0,113.0,1.0
2025-07-24T08:54:00.000+02:00,4.6,694.0,106.0,6.0
2025-07-24T09:29:00.000+02:00,9.9,581.0,95.0,3.0
2025-07-24T09:44:00.000+02:00,2.2,581.0,85.0,13.0
2025-07-24T09:54:00.000+02:00,5.5,581.0,87.0,6.0
2025-07-24T10:34:00.000+02:00,6.2,565.0,83.0,6.0
2025-07-24T10:54:00.000+02:00,2.7,565.0,87.0,19.0
2025-07-24T11:29:00.000+02:00,7.5,689.0,97.0,4.0
2025-07-24T11:49:00.000+02:00,5.0,689.0,89.0,5.0
2025-07-24T12:14:00.000+02:00,5.2,722.0,88.0,7.0
2025-07-24T12:39:00.000+02:00,6.6,722.0,92.0,6.0
2025-07-24T12:54:00.000+02:00,4.7,722.0,101.0,8.0
2025-07-24T13:24:00.000+02:00,6.5,782.0,102.0,4.0
2025-07-24T13:39:00.000+02:00,3.0,782.0,89.0,9.0
2025-07-24T13:49:00.000+02:00,4.0,782.0,92.0,9.0
2025-07-24T14:44:00.000+02:00,5.2,778.0,85.0,6.0
2025-07-24T15:29:00.000+02:00,5.7,911.0,102.0,6.0
2025-07-24T15:54:00.000+02:00,4.7,911.0,98.0,8.0
2025-07-24T16:29:00.000+02:00,2.9,1193.0,95.0,12.0
2025-07-24T16:49:00.000+02:00,3.6,1193.0,83.0,11.0
2025-07-24T17:14:00.000+02:00,3.5,1160.0,92.0,10.0
2025-07-24T17:34:00.000+02:00,4.8,1160.0,89.0,8.0
2025-07-24T17:49:00.000+02:00,4.9,1160.0,83.0,7.0
2025-07-24T18:24:00.000+02:00,5.1,814.0,81.0,6.0
2025-07-24T18:49:00.000+02:00,16.4,814.0,89.0,1.0
2025-07-24T19:14:00.000+02:00,7.5,683.0,94.0,5.0
2025-07-24T19:34:00.000+02:00,7.2,683.0,112.0,4.0
2025-07-24T19:49:00.000+02:00,2.4,683.0,89.0,14.0
2025-07-24T20:25:00.000+02:00,5.5,643.0,89.0,6.0
2025-07-24T20:55:00.000+02:00,9.9,643.0,90.0,3.0
2025-07-24T21:20:00.000+02:00,8.2,573.0,93.0,4.0
2025-07-24T21:35:00.000+02:00,7.0,573.0,88.0,5.0
2025-07-24T21:45:00.000+02:00,10.9,573.0,101.0,2.0
2025-07-24T22:08:00.000+02:00,11.4,376.0,103.0,2.0
2025-07-24T22:33:00.000+02:00,4.9,376.0,92.0,3.0
2025-07-24T22:48:00.000+02:00,25.4,376.0,96.0,0.0
2025-07-24T23:13:00.000+02:00,13.1,245.0,91.0,3.0
2025-07-24T23:33:00.000+02:00,11.2,245.0,94.0,1.0
2025-07-24T23:43:00.000+02:00,3.4,245.0,101.0,0.0
2025-07-25T00:03:00.000+02:00,17.4,159.0,122.0,0.0
2025-07-25T00:28:00.000+02:00,25.1,159.0,93.0,0.0
2025-07-25T00:48:00.000+02:00,25.4,159.0,104.0,0.0
2025-07-25T01:14:00.000+02:00,25.4,78.0,117.0,0.0
2025-07-25T01:34:00.000+02:00,25.4,78.0,117.0,0.0
2025-07-25T01:49:00.000+02:00,14.8,78.0,94.0,2.0
2025-07-25T03:04:00.000+02:00,14.0,30.0,104.0,1.0
2025-07-25T05:04:00.000+02:00,25.4,21.0,92.0,0.0
2025-07-25T06:04:00.000+02:00,15.8,82.0,97.0,2.0
2025-07-25T06:49:00.000+02:00,8.5,82.0,107.0,5.0
2025-07-25T07:19:00.000+02:00,6.2,386.0,103.0,5.0
2025-07-25T07:49:00.000+02:00,5.0,386.0,92.0,6.0
2025-07-25T08:14:00.000+02:00,7.5,693.0,86.0,5.0
2025-07-25T08:49:00.000+02:00,12.1,693.0,110.0,2.0
2025-07-25T09:14:00.000+02:00,8.6,578.0,96.0,3.0
2025-07-25T09:34:00.000+02:00,4.7,578.0,76.0,7.0
2025-07-25T09:49:00.000+02:00,4.5,578.0,71.0,10.0
2025-07-25T10:19:00.000+02:00,3.7,566.0,85.0,8.0
2025-07-25T10:49:00.000+02:00,2.3,566.0,92.0,16.0
2025-07-25T11:14:00.000+02:00,3.1,666.0,64.0,13.0
2025-07-25T11:39:00.000+02:00,7.3,666.0,98.0,4.0
2025-07-25T11:54:00.000+02:00,4.0,666.0,81.0,9.0
2025-07-25T12:29:00.000+02:00,3.2,798.0,90.0,13.0
2025-07-25T12:49:00.000+02:00,3.4,798.0,85.0,13.0
2025-07-25T13:14:00.000+02:00,3.3,899.0,103.0,9.0
2025-07-25T13:29:00.000+02:00,2.9,899.0,86.0,16.0
2025-07-25T13:44:00.000+02:00,3.0,899.0,104.0,11.0
2025-07-25T13:57:00.000+02:00,2.8,899.0,85.0,20.0
2025-07-25T14:57:00.000+02:00,3.1,908.0,99.0,9.0
2025-07-25T15:42:00.000+02:00,11.7,975.0,89.0,3.0
2025-07-25T15:57:00.000+02:00,4.2,975.0,92.0,5.0
2025-07-25T16:27:00.000+02:00,2.0,1237.0,81.0,20.0
2025-07-25T16:47:00.000+02:00,5.0,1237.0,98.0,6.0
2025-07-25T17:07:00.000+02:00,4.4,1221.0,94.0,9.0
2025-07-25T17:32:00.000+02:00,4.3,1221.0,99.0,7.0
2025-07-25T17:47:00.000+02:00,3.9,1221.0,95.0,10.0
2025-07-25T18:17:00.000+02:00,2.8,898.0,85.0,16.0
2025-07-25T18:47:00.000+02:00,7.7,898.0,102.0,4.0
2025-07-25T19:07:00.000+02:00,5.9,773.0,99.0,6.0
2025-07-25T19:37:00.000+02:00,3.9,773.0,109.0,7.0
2025-07-25T19:47:00.000+02:00,9.4,773.0,100.0,4.0
2025-07-25T20:22:00.000+02:00,6.7,673.0,93.0,4.0
2025-07-25T20:52:00.000+02:00,5.3,673.0,78.0,3.0
2025-07-25T21:12:00.000+02:00,14.0,585.0,103.0,2.0
2025-07-25T21:27:00.000+02:00,4.8,585.0,94.0,8.0
2025-07-25T21:37:00.000+02:00,8.6,585.0,98.0,3.0
2025-07-25T21:52:00.000+02:00,16.7,585.0,90.0,1.0
2025-07-25T22:27:00.000+02:00,4.2,389.0,92.0,8.0
2025-07-25T22:47:00.000+02:00,13.1,389.0,87.0,2.0
2025-07-25T23:07:00.000+02:00,16.7,268.0,97.0,1.0
2025-07-25T23:17:00.000+02:00,5.3,268.0,82.0,5.0
2025-07-25T23:42:00.000+02:00,2.0,268.0,98.0,1.0
2025-07-25T23:52:00.000+02:00,10.9,268.0,101.0,3.0
2025-07-26T00:28:00.000+02:00,25.4,169.0,102.0,0.0
2025-07-26T00:48:00.000+02:00,17.2,169.0,90.0,0.0
2025-07-26T01:08:00.000+02:00,2.9,122.0,101.0,1.0
2025-07-26T01:28:00.000+02:00,25.4,122.0,94.0,0.0
2025-07-26T01:38:00.000+02:00,19.6,122.0,121.0,0.0
2025-07-26T01:58:00.000+02:00,4.9,122.0,109.0,1.0
2025-07-26T04:19:00.000+02:00,3.9,37.0,106.0,0.0
2025-07-26T05:39:00.000+02:00,25.3,35.0,100.0,1.0
2025-07-26T06:19:00.000+02:00,21.3,76.0,92.0,1.0
2025-07-26T06:54:00.000+02:00,17.9,76.0,91.0,2.0
2025-07-26T07:24:00.000+02:00,14.9,193.0,86.0,2.0
2025-07-26T07:44:00.000+02:00,9.6,193.0,85.0,2.0
2025-07-26T07:54:00.000+02:00,6.7,193.0,87.0,3.0
2025-07-26T08:39:00.000+02:00,14.0,255.0,89.0,2.0
2025-07-26T08:54:00.000+02:00,14.5,255.0,76.0,5.0
2025-07-26T09:24:00.000+02:00,4.3,364.0,91.0,9.0
2025-07-26T09:34:00.000+02:00,5.0,364.0,91.0,8.0
2025-07-26T09:49:00.000+02:00,6.5,364.0,90.0,6.0
2025-07-26T10:24:00.000+02:00,3.9,466.0,75.0,14.0
2025-07-26T10:44:00.000+02:00,3.4,466.0,84.0,10.0
2025-07-26T11:04:00.000+02:00,4.0,628.0,88.0,8.0
2025-07-26T11:29:00.000+02:00,3.9,628.0,90.0,8.0
2025-07-26T11:44:00.000+02:00,4.9,628.0,77.0,8.0
2025-07-26T11:54:00.000+02:00,4.5,628.0,81.0,10.0
2025-07-26T12:24:00.000+02:00,5.3,740.0,94.0,7.0
2025-07-26T12:44:00.000+02:00,4.3,740.0,98.0,7.0
2025-07-26T13:04:00.000+02:00,4.9,799.0,79.0,9.0
2025-07-26T13:24:00.000+02:00,3.7,799.0,81.0,10.0
2025-07-26T13:34:00.000+02:00,8.8,799.0,97.0,4.0
2025-07-26T13:49:00.000+02:00,5.8,799.0,83.0,7.0
2025-07-26T14:39:00.000+02:00,3.3,780.0,91.0,10.0
2025-07-26T15:14:00.000+02:00,3.6,760.0,99.0,8.0
2025-07-26T15:44:00.000+02:00,2.2,760.0,84.0,16.0
2025-07-26T15:54:00.000+02:00,10.7,760.0,92.0,3.0
2025-07-26T16:24:00.000+02:00,3.5,719.0,98.0,10.0
2025-07-26T16:44:00.000+02:00,3.3,719.0,89.0,10.0
2025-07-26T16:54:00.000+02:00,4.8,719.0,95.0,8.0
2025-07-26T17:24:00.000+02:00,7.3,748.0,87.0,5.0
2025-07-26T17:44:00.000+02:00,4.9,748.0,85.0,6.0
2025-07-26T17:54:00.000+02:00,7.0,748.0,91.0,6.0
2025-07-26T18:29:00.000+02:00,5.4,767.0,89.0,7.0
2025-07-26T18:49:00.000+02:00,3.3,767.0,88.0,12.0
2025-07-26T19:14:00.000+02:00,6.3,728.0,89.0,4.0
2025-07-26T19:34:00.000+02:00,5.8,728.0,92.0,6.0
2025-07-26T19:49:00.000+02:00,3.4,728.0,108.0,10.0
2025-07-26T20:14:00.000+02:00,10.7,590.0,89.0,2.0
2025-07-26T20:44:00.000+02:00,9.8,590.0,82.0,3.0
2025-07-26T20:54:00.000+02:00,5.2,590.0,87.0,7.0
2025-07-26T21:19:00.000+02:00,12.9,561.0,75.0,4.0
2025-07-26T21:34:00.000+02:00,25.4,561.0,78.0,0.0
2025-07-26T21:44:00.000+02:00,8.0,561.0,90.0,3.0
2025-07-26T22:04:00.000+02:00,11.2,278.0,88.0,2.0
2025-07-26T22:29:00.000+02:00,22.4,278.0,91.0,3.0
2025-07-26T22:44:00.000+02:00,6.7,278.0,97.0,0.0
2025-07-26T22:54:00.000+02:00,25.4,278.0,96.0,0.0
2025-07-26T23:25:00.000+02:00,25.5,164.0,93.0,1.0
2025-07-26T23:40:00.000+02:00,25.4,164.0,87.0,0.0
2025-07-26T23:50:00.000+02:00,24.6,164.0,94.0,0.0
2025-07-27T00:20:00.000+02:00,25.4,78.0,94.0,0.0
2025-07-27T00:40:00.000+02:00,24.3,78.0,101.0,1.0
2025-07-27T00:50:00.000+02:00,25.4,78.0,94.0,0.0
2025-07-27T01:20:00.000+02:00,25.4,51.0,88.0,0.0
2025-07-27T01:35:00.000+02:00,23.1,51.0,102.0,0.0
2025-07-27T01:50:00.000+02:00,25.4,51.0,100.0,0.0
2025-07-27T03:38:00.000+02:00,25.4,44.0,74.0,0.0
2025-07-27T05:25:00.000+02:00,23.9,66.0,73.0,1.0
2025-07-27T06:25:00.000+02:00,12.8,158.0,74.0,0.0
2025-07-27T07:00:00.000+02:00,4.9,158.0,69.0,7.0
2025-07-27T07:35:00.000+02:00,4.0,267.0,82.0,9.0
2025-07-27T07:50:00.000+02:00,5.6,267.0,80.0,8.0
2025-07-27T08:29:00.000+02:00,7.8,373.0,81.0,3.0
2025-07-27T08:54:00.000+02:00,7.1,373.0,62.0,11.0
2025-07-27T09:19:00.000+02:00,21.4,505.0,77.0,1.0
2025-07-27T09:34:00.000+02:00,11.2,505.0,66.0,5.0
2025-07-27T09:49:00.000+02:00,18.3,505.0,84.0,2.0
2025-07-27T10:09:00.000+02:00,3.9,560.0,78.0,13.0
2025-07-27T10:39:00.000+02:00,2.3,560.0,76.0,21.0
2025-07-27T10:54:00.000+02:00,2.9,560.0,71.0,15.0
2025-07-27T11:24:00.000+02:00,2.9,931.0,53.0,16.0
2025-07-27T11:39:00.000+02:00,2.9,931.0,74.0,14.0
2025-07-27T11:54:00.000+02:00,8.1,931.0,88.0,5.0
2025-07-27T12:29:00.000+02:00,8.1,952.0,91.0,3.0
2025-07-27T12:44:00.000+02:00,7.7,952.0,75.0,7.0
2025-07-27T12:59:00.000+02:00,9.4,952.0,88.0,4.0
2025-07-27T13:24:00.000+02:00,10.4,808.0,75.0,3.0
2025-07-27T13:39:00.000+02:00,5.6,808.0,77.0,11.0
2025-07-27T13:49:00.000+02:00,5.8,808.0,99.0,6.0
2025-07-27T14:39:00.000+02:00,4.2,672.0,98.0,9.0
2025-07-27T15:19:00.000+02:00,15.7,626.0,89.0,3.0
2025-07-27T15:44:00.000+02:00,4.8,626.0,85.0,8.0
2025-07-27T15:54:00.000+02:00,3.9,626.0,79.0,13.0
2025-07-27T16:19:00.000+02:00,4.5,587.0,77.0,9.0
2025-07-27T16:39:00.000+02:00,2.8,587.0,83.0,15.0
2025-07-27T16:54:00.000+02:00,5.0,587.0,85.0,7.0
2025-07-27T17:19:00.000+02:00,6.3,685.0,84.0,7.0
2025-07-27T17:39:00.000+02:00,4.1,685.0,90.0,8.0
2025-07-27T17:49:00.000+02:00,4.7,685.0,88.0,8.0
2025-07-27T18:19:00.000+02:00,14.5,645.0,100.0,2.0
2025-07-27T18:44:00.000+02:00,6.3,645.0,99.0,6.0
2025-07-27T18:54:00.000+02:00,5.8,645.0,93.0,6.0
2025-07-27T19:24:00.000+02:00,4.5,617.0,86.0,8.0
2025-07-27T19:44:00.000+02:00,3.3,617.0,87.0,10.0
2025-07-27T19:54:00.000+02:00,6.4,617.0,91.0,5.0
2025-07-27T20:34:00.000+02:00,10.5,571.0,92.0,4.0
2025-07-27T20:54:00.000+02:00,5.5,571.0,91.0,5.0
2025-07-27T21:19:00.000+02:00,7.2,606.0,91.0,3.0
2025-07-27T21:34:00.000+02:00,13.4,606.0,94.0,2.0
2025-07-27T21:44:00.000+02:00,10.4,606.0,99.0,0.0
2025-07-27T22:04:00.000+02:00,24.0,408.0,98.0,1.0
2025-07-27T22:29:00.000+02:00,22.4,408.0,99.0,1.0
2025-07-27T22:49:00.000+02:00,7.9,408.0,97.0,3.0
2025-07-27T23:09:00.000+02:00,19.2,238.0,95.0,1.0
2025-07-27T23:29:00.000+02:00,13.7,238.0,105.0,1.0
2025-07-27T23:44:00.000+02:00,9.3,238.0,95.0,4.0
2025-07-27T23:54:00.000+02:00,25.4,238.0,89.0,0.0
2025-07-28T00:24:00.000+02:00,21.0,162.0,103.0,1.0
2025-07-28T00:44:00.000+02:00,1.7,162.0,99.0,1.0
2025-07-28T00:54:00.000+02:00,19.2,162.0,99.0,0.0
2025-07-28T01:24:00.000+02:00,18.2,44.0,100.0,1.0
2025-07-28T01:44:00.000+02:00,25.0,44.0,105.0,0.0
2025-07-28T01:54:00.000+02:00,16.5,44.0,100.0,0.0
2025-07-28T04:29:00.000+02:00,25.4,17.0,100.0,0.0
2025-07-28T05:55:00.000+02:00,14.9,26.0,99.0,2.0
2025-07-28T06:50:00.000+02:00,9.9,79.0,89.0,3.0
2025-07-28T07:20:00.000+02:00,3.5,347.0,89.0,0.0
2025-07-28T07:50:00.000+02:00,6.0,347.0,94.0,6.0
2025-07-28T08:25:00.000+02:00,12.3,611.0,91.0,4.0
2025-07-28T08:55:00.000+02:00,8.6,611.0,70.0,6.0
2025-07-28T09:30:00.000+02:00,8.1,460.0,89.0,5.0
2025-07-28T09:45:00.000+02:00,4.4,460.0,86.0,5.0
2025-07-28T10:15:00.000+02:00,8.4,474.0,82.0,6.0
2025-07-28T10:45:00.000+02:00,10.8,474.0,86.0,3.0
2025-07-28T11:15:00.000+02:00,4.3,646.0,82.0,6.0
2025-07-28T11:45:00.000+02:00,5.0,646.0,90.0,9.0
2025-07-28T11:55:00.000+02:00,4.5,646.0,79.0,14.0
2025-07-28T12:30:00.000+02:00,3.9,697.0,88.0,8.0
2025-07-28T12:50:00.000+02:00,5.8,697.0,82.0,5.0
2025-07-28T13:19:00.000+02:00,4.7,788.0,99.0,7.0
2025-07-28T13:34:00.000+02:00,5.4,788.0,89.0,5.0
2025-07-28T13:49:00.000+02:00,5.0,788.0,95.0,6.0
2025-07-28T14:24:00.000+02:00,2.7,775.0,95.0,11.0
2025-07-28T15:19:00.000+02:00,2.0,934.0,102.0,15.0
2025-07-28T15:54:00.000+02:00,2.2,934.0,94.0,16.0
2025-07-28T16:24:00.000+02:00,2.8,1320.0,96.0,13.0
2025-07-28T16:49:00.000+02:00,2.3,1320.0,91.0,16.0
2025-07-28T17:14:00.000+02:00,0.0,1230.0,5.0,0.0
2025-07-28T17:39:00.000+02:00,1.8,1230.0,27.0,50.0
2025-07-28T17:54:00.000+02:00,1.8,1230.0,57.0,30.0
2025-07-28T18:34:00.000+02:00,21.6,887.0,75.0,2.0
2025-07-28T18:54:00.000+02:00,3.8,887.0,85.0,8.0
2025-07-28T19:29:00.000+02:00,4.5,755.0,86.0,8.0
2025-07-28T19:49:00.000+02:00,7.9,755.0,88.0,5.0
2025-07-28T20:14:00.000+02:00,10.5,645.0,83.0,4.0
2025-07-28T20:49:00.000+02:00,24.8,645.0,80.0,1.0
2025-07-28T21:09:00.000+02:00,18.8,367.0,92.0,1.0
2025-07-28T21:24:00.000+02:00,9.6,367.0,97.0,2.0
2025-07-28T21:44:00.000+02:00,1.4,367.0,100.0,1.0
2025-07-28T21:54:00.000+02:00,4.2,367.0,94.0,1.0
2025-07-28T22:29:00.000+02:00,3.6,233.0,94.0,0.0
2025-07-28T22:49:00.000+02:00,25.4,233.0,93.0,0.0
2025-07-28T23:09:00.000+02:00,9.6,144.0,92.0,2.0
2025-07-28T23:29:00.000+02:00,25.4,144.0,89.0,0.0
2025-07-28T23:44:00.000+02:00,17.0,144.0,97.0,0.0
2025-07-28T23:54:00.000+02:00,15.8,144.0,97.0,0.0
2025-07-29T00:29:00.000+02:00,20.8,74.0,89.0,1.0
2025-07-29T00:44:00.000+02:00,25.4,74.0,110.0,0.0
2025-07-29T01:14:00.000+02:00,25.4,27.0,111.0,0.0
2025-07-29T01:34:00.000+02:00,25.4,27.0,97.0,0.0
2025-07-29T01:49:00.000+02:00,25.4,27.0,88.0,0.0
2025-07-29T04:04:00.000+02:00,25.4,11.0,96.0,0.0
2025-07-29T05:50:00.000+02:00,25.4,14.0,103.0,0.0
2025-07-29T06:45:00.000+02:00,10.7,47.0,105.0,2.0
2025-07-29T07:15:00.000+02:00,5.7,285.0,111.0,5.0
2025-07-29T07:45:00.000+02:00,3.0,285.0,90.0,10.0
2025-07-29T08:10:00.000+02:00,10.3,613.0,100.0,3.0
2025-07-29T08:50:00.000+02:00,4.8,613.0,94.0,7.0
2025-07-29T09:15:00.000+02:00,9.2,516.0,96.0,3.0
2025-07-29T09:40:00.000+02:00,5.3,516.0,100.0,6.0
2025-07-29T09:50:00.000+02:00,3.3,516.0,80.0,9.0
2025-07-29T10:30:00.000+02:00,4.3,537.0,76.0,10.0
2025-07-29T10:55:00.000+02:00,7.8,537.0,86.0,4.0
2025-07-29T11:30:00.000+02:00,3.9,680.0,86.0,13.0
2025-07-29T11:50:00.000+02:00,5.4,680.0,92.0,6.0
2025-07-29T12:20:00.000+02:00,3.6,777.0,104.0,11.0
2025-07-29T12:45:00.000+02:00,2.8,777.0,88.0,12.0
2025-07-29T12:55:00.000+02:00,5.7,777.0,94.0,7.0
2025-07-29T13:25:00.000+02:00,7.3,805.0,85.0,5.0
2025-07-29T13:40:00.000+02:00,4.3,805.0,97.0,8.0
2025-07-29T13:50:00.000+02:00,4.3,805.0,93.0,7.0
2025-07-29T14:55:00.000+02:00,3.5,846.0,103.0,11.0
2025-07-29T15:40:00.000+02:00,1.6,905.0,93.0,21.0
2025-07-29T16:10:00.000+02:00,3.5,1317.0,93.0,8.0
2025-07-29T16:40:00.000+02:00,4.1,1317.0,84.0,8.0
2025-07-29T17:00:00.000+02:00,2.9,1317.0,93.0,7.0
2025-07-29T17:30:00.000+02:00,5.7,1135.0,101.0,5.0
2025-07-29T17:50:00.000+02:00,4.1,1135.0,85.0,7.0
2025-07-29T18:24:00.000+02:00,15.7,719.0,103.0,2.0
2025-07-29T18:54:00.000+02:00,3.4,719.0,99.0,5.0
2025-07-29T19:24:00.000+02:00,6.1,531.0,88.0,8.0
2025-07-29T19:44:00.000+02:00,11.4,531.0,90.0,3.0
2025-07-29T19:59:00.000+02:00,7.2,531.0,98.0,4.0
2025-07-29T20:44:00.000+02:00,8.9,454.0,101.0,4.0
2025-07-29T21:09:00.000+02:00,10.0,348.0,85.0,3.0
2025-07-29T21:29:00.000+02:00,6.1,348.0,97.0,1.0
2025-07-29T21:44:00.000+02:00,11.2,348.0,98.0,3.0
2025-07-29T21:54:00.000+02:00,1.3,348.0,98.0,1.0
2025-07-29T22:29:00.000+02:00,2.4,257.0,98.0,1.0
2025-07-29T22:49:00.000+02:00,25.4,257.0,112.0,0.0
2025-07-29T23:09:00.000+02:00,25.1,160.0,119.0,0.0
2025-07-29T23:34:00.000+02:00,25.4,160.0,113.0,0.0
2025-07-29T23:49:00.000+02:00,25.4,160.0,98.0,0.0
2025-07-30T00:09:00.000+02:00,25.4,96.0,109.0,0.0
2025-07-30T00:39:00.000+02:00,25.4,96.0,108.0,0.0
2025-07-30T00:54:00.000+02:00,25.4,96.0,116.0,0.0
2025-07-30T01:24:00.000+02:00,24.3,50.0,113.0,0.0
2025-07-30T01:34:00.000+02:00,25.4,50.0,104.0,0.0
2025-07-30T01:44:00.000+02:00,25.4,50.0,104.0,0.0
2025-07-30T03:59:00.000+02:00,2.1,16.0,116.0,0.0
2025-07-30T05:44:00.000+02:00,25.4,17.0,98.0,0.0
2025-07-30T06:29:00.000+02:00,9.6,59.0,107.0,2.0
2025-07-30T06:59:00.000+02:00,8.8,59.0,98.0,4.0
2025-07-30T07:39:00.000+02:00,4.1,342.0,97.0,8.0
2025-07-30T07:54:00.000+02:00,4.7,342.0,96.0,5.0
2025-07-30T08:44:00.000+02:00,10.1,700.0,94.0,3.0
2025-07-30T09:07:00.000+02:00,6.6,619.0,99.0,5.0
2025-07-30T09:37:00.000+02:00,12.0,619.0,84.0,3.0
2025-07-30T09:52:00.000+02:00,8.6,619.0,89.0,4.0
2025-07-30T10:32:00.000+02:00,13.0,498.0,93.0,2.0
2025-07-30T10:57:00.000+02:00,5.3,498.0,96.0,8.0
2025-07-30T11:32:00.000+02:00,15.1,604.0,87.0,2.0
2025-07-30T11:52:00.000+02:00,9.6,604.0,103.0,3.0
2025-07-30T12:27:00.000+02:00,4.8,625.0,75.0,6.0
2025-07-30T12:47:00.000+02:00,11.3,625.0,97.0,3.0
2025-07-30T13:12:00.000+02:00,4.4,613.0,89.0,8.0
2025-07-30T13:27:00.000+02:00,11.2,613.0,99.0,1.0
2025-07-30T13:42:00.000+02:00,4.1,613.0,87.0,10.0
2025-07-30T13:57:00.000+02:00,3.5,613.0,82.0,10.0
2025-07-30T14:57:00.000+02:00,8.1,716.0,91.0,6.0
2025-07-30T15:42:00.000+02:00,3.1,809.0,92.0,10.0
2025-07-30T16:07:00.000+02:00,3.2,1157.0,89.0,12.0
2025-07-30T16:37:00.000+02:00,3.9,1157.0,91.0,9.0
2025-07-30T16:52:00.000+02:00,4.7,1157.0,100.0,8.0
2025-07-30T17:27:00.000+02:00,2.4,1052.0,97.0,13.0
2025-07-30T17:47:00.000+02:00,9.6,1052.0,90.0,3.0
2025-07-30T18:17:00.000+02:00,4.1,804.0,104.0,8.0
2025-07-30T18:47:00.000+02:00,3.8,804.0,96.0,10.0
2025-07-30T19:07:00.000+02:00,3.3,620.0,97.0,9.0
2025-07-30T19:37:00.000+02:00,6.0,620.0,106.0,7.0
2025-07-30T19:52:00.000+02:00,5.2,620.0,109.0,1.0
2025-07-30T20:27:00.000+02:00,8.7,567.0,94.0,0.0
2025-07-30T20:52:00.000+02:00,7.6,567.0,79.0,3.0
2025-07-30T21:22:00.000+02:00,13.6,458.0,87.0,4.0
2025-07-30T21:37:00.000+02:00,16.7,458.0,94.0,2.0
2025-07-30T21:47:00.000+02:00,14.0,458.0,93.0,3.0
2025-07-30T22:12:00.000+02:00,7.4,318.0,105.0,4.0
2025-07-30T22:37:00.000+02:00,3.0,318.0,98.0,0.0
2025-07-30T22:52:00.000+02:00,19.1,318.0,105.0,0.0
2025-07-30T23:22:00.000+02:00,13.3,218.0,100.0,3.0
2025-07-30T23:37:00.000+02:00,25.4,218.0,93.0,0.0
2025-07-30T23:52:00.000+02:00,25.4,218.0,103.0,0.0
2025-07-31T00:17:00.000+02:00,25.4,151.0,123.0,0.0
2025-07-31T00:42:00.000+02:00,19.2,151.0,104.0,0.0
2025-07-31T00:52:00.000+02:00,25.4,151.0,103.0,0.0
2025-07-31T01:22:00.000+02:00,25.4,60.0,108.0,0.0
2025-07-31T01:42:00.000+02:00,24.4,60.0,92.0,0.0
2025-07-31T01:52:00.000+02:00,25.4,60.0,87.0,0.0
2025-07-31T04:22:00.000+02:00,25.4,16.0,110.0,0.0
2025-07-31T05:42:00.000+02:00,19.4,37.0,86.0,2.0
2025-07-31T06:32:00.000+02:00,7.0,82.0,106.0,4.0
2025-07-31T07:02:00.000+02:00,8.8,317.0,94.0,3.0
2025-07-31T07:33:00.000+02:00,3.6,317.0,115.0,10.0
2025-07-31T07:53:00.000+02:00,5.5,317.0,99.0,8.0
2025-07-31T08:43:00.000+02:00,5.8,637.0,89.0,5.0
2025-07-31T09:08:00.000+02:00,5.7,587.0,89.0,3.0
2025-07-31T09:33:00.000+02:00,5.7,587.0,87.0,6.0
2025-07-31T09:48:00.000+02:00,6.9,587.0,93.0,4.0
2025-07-31T10:18:00.000+02:00,3.6,558.0,98.0,9.0
2025-07-31T10:48:00.000+02:00,8.8,558.0,94.0,4.0
2025-07-31T11:18:00.000+02:00,5.0,671.0,81.0,5.0
2025-07-31T11:43:00.000+02:00,8.7,671.0,91.0,5.0
2025-07-31T11:58:00.000+02:00,5.3,671.0,95.0,3.0
2025-07-31T12:33:00.000+02:00,4.6,710.0,85.0,7.0
2025-07-31T12:53:00.000+02:00,4.4,710.0,86.0,7.0
2025-07-31T13:18:00.000+02:00,3.5,735.0,91.0,9.0
2025-07-31T13:28:00.000+02:00,5.8,735.0,99.0,6.0
2025-07-31T13:48:00.000+02:00,2.8,735.0,89.0,12.0
2025-07-31T14:22:00.000+02:00,3.6,749.0,89.0,10.0
2025-07-31T15:17:00.000+02:00,1.9,900.0,93.0,18.0
2025-07-31T15:52:00.000+02:00,2.4,900.0,79.0,18.0
2025-07-31T16:17:00.000+02:00,1.5,1232.0,86.0,25.0
2025-07-31T16:42:00.000+02:00,3.8,1232.0,82.0,10.0
2025-07-31T16:52:00.000+02:00,4.0,1232.0,83.0,9.0
2025-07-31T17:27:00.000+02:00,3.6,1097.0,98.0,9.0
2025-07-31T17:47:00.000+02:00,5.5,1097.0,94.0,7.0
2025-07-31T18:17:00.000+02:00,8.8,776.0,97.0,5.0
2025-07-31T18:47:00.000+02:00,5.7,776.0,86.0,6.0
2025-07-31T19:07:00.000+02:00,3.4,699.0,102.0,6.0
2025-07-31T19:37:00.000+02:00,5.8,699.0,90.0,4.0
2025-07-31T19:52:00.000+02:00,3.0,699.0,89.0,12.0
2025-07-31T20:27:00.000+02:00,5.9,633.0,99.0,1.0
2025-07-31T20:52:00.000+02:00,3.6,633.0,79.0,13.0
2025-07-31T21:22:00.000+02:00,2.6,647.0,66.0,17.0
2025-07-31T21:37:00.000+02:00,4.0,647.0,62.0,12.0
2025-07-31T21:47:00.000+02:00,2.6,647.0,54.0,19.0
2025-07-31T22:12:00.000+02:00,2.1,1201.0,56.0,21.0
2025-07-31T22:37:00.000+02:00,2.8,1201.0,59.0,20.0
2025-07-31T22:52:00.000+02:00,4.4,1201.0,81.0,11.0
2025-07-31T23:22:00.000+02:00,4.6,831.0,59.0,9.0
2025-07-31T23:42:00.000+02:00,12.6,831.0,76.0,2.0
2025-07-31T23:52:00.000+02:00,11.8,831.0,90.0,3.0
2025-08-01T00:27:00.000+02:00,18.9,577.0,97.0,1.0
2025-08-01T00:47:00.000+02:00,9.3,577.0,89.0,0.0
2025-08-01T01:07:00.000+02:00,5.1,170.0,87.0,0.0
2025-08-01T01:27:00.000+02:00,25.4,170.0,104.0,0.0
2025-08-01T01:42:00.000+02:00,10.5,170.0,71.0,2.0
2025-08-01T01:57:00.000+02:00,25.4,170.0,103.0,0.0
2025-08-01T04:38:00.000+02:00,11.5,23.0,104.0,0.0
2025-08-01T06:03:00.000+02:00,3.1,69.0,91.0,0.0
2025-08-01T06:58:00.000+02:00,10.5,69.0,94.0,3.0
2025-08-01T07:38:00.000+02:00,4.8,333.0,84.0,7.0
2025-08-01T07:58:00.000+02:00,7.7,333.0,93.0,5.0
2025-08-01T08:43:00.000+02:00,4.5,634.0,90.0,7.0
2025-08-01T09:13:00.000+02:00,3.2,582.0,92.0,12.0
2025-08-01T09:38:00.000+02:00,13.9,582.0,90.0,2.0
2025-08-01T09:53:00.000+02:00,4.1,582.0,82.0,9.0
2025-08-01T10:33:00.000+02:00,3.7,546.0,83.0,10.0
2025-08-01T10:53:00.000+02:00,5.7,546.0,91.0,6.0
2025-08-01T11:28:00.000+02:00,2.8,650.0,94.0,11.0
2025-08-01T11:48:00.000+02:00,4.8,650.0,91.0,8.0
2025-08-01T12:18:00.000+02:00,5.8,707.0,109.0,5.0
2025-08-01T12:38:00.000+02:00,5.6,707.0,95.0,7.0
2025-08-01T13:03:00.000+02:00,11.4,742.0,92.0,3.0
2025-08-01T13:28:00.000+02:00,2.5,742.0,98.0,13.0
2025-08-01T13:43:00.000+02:00,3.7,742.0,99.0,9.0
2025-08-01T13:53:00.000+02:00,4.0,742.0,94.0,10.0
2025-08-01T14:58:00.000+02:00,4.6,797.0,101.0,8.0
2025-08-01T15:43:00.000+02:00,4.1,898.0,81.0,11.0
2025-08-01T15:58:00.000+02:00,2.1,898.0,96.0,16.0
2025-08-01T16:33:00.000+02:00,1.8,1163.0,86.0,18.0
2025-08-01T16:48:00.000+02:00,5.2,1163.0,96.0,7.0
2025-08-01T17:13:00.000+02:00,2.5,1163.0,90.0,14.0
2025-08-01T17:43:00.000+02:00,3.7,1163.0,101.0,9.0
2025-08-01T17:53:00.000+02:00,6.3,1163.0,96.0,6.0
2025-08-01T18:33:00.000+02:00,2.3,819.0,90.0,15.0
2025-08-01T18:53:00.000+02:00,6.1,819.0,96.0,6.0
2025-08-01T19:28:00.000+02:00,2.5,879.0,88.0,12.0
2025-08-01T19:48:00.000+02:00,4.0,879.0,98.0,9.0
2025-08-01T20:13:00.000+02:00,3.5,790.0,91.0,9.0
2025-08-01T20:48:00.000+02:00,3.2,790.0,85.0,10.0
2025-08-01T21:08:00.000+02:00,5.0,708.0,113.0,5.0
2025-08-01T21:23:00.000+02:00,5.7,708.0,73.0,10.0
2025-08-01T21:38:00.000+02:00,4.0,708.0,89.0,8.0
2025-08-01T21:53:00.000+02:00,9.2,708.0,101.0,1.0
2025-08-01T22:23:00.000+02:00,6.7,544.0,83.0,6.0
2025-08-01T22:43:00.000+02:00,1.0,544.0,105.0,1.0
2025-08-01T22:53:00.000+02:00,18.8,544.0,96.0,3.0
2025-08-01T23:23:00.000+02:00,10.5,357.0,96.0,2.0
2025-08-01T23:43:00.000+02:00,10.9,357.0,101.0,1.0
2025-08-01T23:53:00.000+02:00,9.3,357.0,115.0,1.0
2025-08-02T00:23:00.000+02:00,12.5,186.0,93.0,3.0
2025-08-02T00:43:00.000+02:00,23.2,186.0,103.0,2.0
2025-08-02T00:53:00.000+02:00,25.4,186.0,85.0,0.0
2025-08-02T01:23:00.000+02:00,25.4,104.0,91.0,0.0
2025-08-02T01:43:00.000+02:00,25.4,104.0,89.0,0.0
2025-08-02T01:53:00.000+02:00,25.4,104.0,96.0,0.0
2025-08-02T04:19:00.000+02:00,25.4,46.0,110.0,0.0
2025-08-02T05:39:00.000+02:00,25.4,41.0,85.0,0.0
2025-08-02T06:19:00.000+02:00,13.7,76.0,68.0,4.0
2025-08-02T06:49:00.000+02:00,11.5,76.0,95.0,3.0
2025-08-02T07:19:00.000+02:00,13.8,165.0,89.0,1.0
2025-08-02T07:44:00.000+02:00,5.2,165.0,94.0,3.0
2025-08-02T08:09:00.000+02:00,9.7,251.0,92.0,3.0
2025-08-02T08:44:00.000+02:00,15.4,251.0,90.0,2.0
2025-08-02T08:59:00.000+02:00,6.1,251.0,96.0,8.0
2025-08-02T09:24:00.000+02:00,12.0,401.0,96.0,4.0
2025-08-02T09:39:00.000+02:00,7.1,401.0,90.0,5.0
2025-08-02T09:49:00.000+02:00,10.8,401.0,100.0,3.0
2025-08-02T10:24:00.000+02:00,3.6,456.0,92.0,10.0
2025-08-02T10:49:00.000+02:00,3.0,456.0,76.0,12.0
2025-08-02T11:14:00.000+02:00,5.4,552.0,103.0,6.0
2025-08-02T11:34:00.000+02:00,3.9,552.0,101.0,7.0
2025-08-02T11:49:00.000+02:00,2.5,552.0,93.0,13.0
2025-08-02T12:09:00.000+02:00,4.8,705.0,94.0,7.0
2025-08-02T12:39:00.000+02:00,4.5,705.0,87.0,8.0
2025-08-02T12:54:00.000+02:00,2.9,705.0,84.0,12.0
2025-08-02T13:14:00.000+02:00,2.6,699.0,93.0,12.0
2025-08-02T13:34:00.000+02:00,3.4,699.0,92.0,10.0
2025-08-02T13:44:00.000+02:00,2.7,699.0,95.0,12.0
2025-08-02T13:54:00.000+02:00,3.7,699.0,98.0,7.0
2025-08-02T14:54:00.000+02:00,8.4,746.0,88.0,5.0
2025-08-02T15:28:00.000+02:00,4.1,729.0,100.0,8.0
2025-08-02T15:48:00.000+02:00,5.0,729.0,95.0,8.0
2025-08-02T16:08:00.000+02:00,3.1,806.0,75.0,12.0
2025-08-02T16:33:00.000+02:00,3.4,806.0,99.0,13.0
2025-08-02T16:48:00.000+02:00,3.5,806.0,86.0,9.0
2025-08-02T17:08:00.000+02:00,6.5,760.0,75.0,7.0
2025-08-02T17:33:00.000+02:00,6.5,760.0,91.0,5.0
2025-08-02T17:48:00.000+02:00,23.7,760.0,90.0,1.0
2025-08-02T18:03:00.000+02:00,3.6,718.0,79.0,10.0
2025-08-02T18:38:00.000+02:00,3.0,718.0,79.0,15.0
2025-08-02T18:52:00.000+02:00,5.0,718.0,91.0,7.0
2025-08-02T19:23:00.000+02:00,9.4,812.0,91.0,4.0
2025-08-02T19:43:00.000+02:00,3.2,812.0,94.0,8.0
2025-08-02T19:53:00.000+02:00,4.3,812.0,84.0,10.0
2025-08-02T20:33:00.000+02:00,8.4,729.0,88.0,4.0
2025-08-02T20:53:00.000+02:00,19.8,729.0,74.0,2.0
2025-08-02T21:18:00.000+02:00,10.1,495.0,101.0,3.0
2025-08-02T21:33:00.000+02:00,5.2,495.0,86.0,6.0
2025-08-02T21:43:00.000+02:00,11.8,495.0,98.0,0.0
2025-08-02T21:53:00.000+02:00,0.3,495.0,107.0,1.0
2025-08-02T22:28:00.000+02:00,16.1,334.0,88.0,3.0
2025-08-02T22:43:00.000+02:00,8.3,334.0,99.0,5.0
2025-08-02T22:53:00.000+02:00,25.4,334.0,102.0,0.0
2025-08-02T23:23:00.000+02:00,25.4,167.0,99.0,0.0
2025-08-02T23:38:00.000+02:00,25.4,167.0,100.0,1.0
2025-08-02T23:53:00.000+02:00,25.4,167.0,102.0,0.0
2025-08-03T00:18:00.000+02:00,25.4,117.0,82.0,0.0
2025-08-03T00:33:00.000+02:00,25.4,117.0,100.0,0.0
2025-08-03T00:53:00.000+02:00,24.1,117.0,120.0,1.0
2025-08-03T01:23:00.000+02:00,25.4,48.0,105.0,0.0
2025-08-03T01:43:00.000+02:00,2.1,48.0,107.0,0.0
2025-08-03T01:53:00.000+02:00,24.6,48.0,111.0,1.0
2025-08-03T04:34:00.000+02:00,25.4,30.0,99.0,0.0
2025-08-03T05:59:00.000+02:00,17.0,20.0,91.0,0.0
2025-08-03T06:54:00.000+02:00,25.4,32.0,94.0,0.0
2025-08-03T07:24:00.000+02:00,18.9,74.0,78.0,2.0
2025-08-03T07:49:00.000+02:00,25.4,74.0,86.0,0.0
2025-08-03T08:24:00.000+02:00,7.1,132.0,86.0,4.0
2025-08-03T08:49:00.000+02:00,25.4,132.0,97.0,0.0
2025-08-03T09:14:00.000+02:00,16.3,182.0,95.0,1.0
2025-08-03T09:34:00.000+02:00,13.8,182.0,94.0,3.0
2025-08-03T09:44:00.000+02:00,14.5,182.0,101.0,3.0
2025-08-03T09:54:00.000+02:00,8.2,182.0,103.0,3.0
2025-08-03T10:29:00.000+02:00,5.0,297.0,87.0,7.0
2025-08-03T10:49:00.000+02:00,8.9,297.0,87.0,4.0
2025-08-03T11:19:00.000+02:00,6.8,463.0,85.0,1.0
2025-08-03T11:39:00.000+02:00,2.7,463.0,71.0,14.0
2025-08-03T11:49:00.000+02:00,9.4,463.0,97.0,3.0
2025-08-03T12:14:00.000+02:00,8.9,595.0,92.0,4.0
2025-08-03T12:39:00.000+02:00,16.9,595.0,104.0,1.0
2025-08-03T12:49:00.000+02:00,7.0,595.0,90.0,6.0
2025-08-03T13:19:00.000+02:00,7.6,581.0,99.0,4.0
2025-08-03T13:34:00.000+02:00,3.2,581.0,87.0,11.0
2025-08-03T13:44:00.000+02:00,2.9,581.0,95.0,12.0
2025-08-03T14:14:00.000+02:00,2.4,637.0,79.0,14.0
2025-08-03T14:59:00.000+02:00,2.1,637.0,96.0,15.0
2025-08-03T15:39:00.000+02:00,6.1,725.0,98.0,6.0
2025-08-03T15:54:00.000+02:00,3.5,725.0,87.0,10.0
2025-08-03T16:19:00.000+02:00,4.5,750.0,92.0,7.0
2025-08-03T16:39:00.000+02:00,8.3,750.0,96.0,4.0
2025-08-03T16:49:00.000+02:00,2.4,750.0,88.0,14.0
2025-08-03T17:19:00.000+02:00,3.8,823.0,96.0,7.0
2025-08-03T17:39:00.000+02:00,3.5,823.0,76.0,12.0
2025-08-03T17:54:00.000+02:00,3.0,823.0,84.0,15.0
2025-08-03T18:29:00.000+02:00,3.0,1071.0,89.0,12.0
2025-08-03T18:49:00.000+02:00,5.1,1071.0,87.0,6.0
2025-08-03T19:14:00.000+02:00,4.3,761.0,98.0,6.0
2025-08-03T19:39:00.000+02:00,9.0,761.0,86.0,4.0
2025-08-03T19:49:00.000+02:00,6.2,761.0,101.0,5.0
2025-08-03T20:23:00.000+02:00,14.7,553.0,96.0,3.0
2025-08-03T20:48:00.000+02:00,5.0,553.0,92.0,7.0
2025-08-03T21:08:00.000+02:00,16.4,445.0,94.0,3.0
2025-08-03T21:28:00.000+02:00,12.1,445.0,97.0,3.0
2025-08-03T21:38:00.000+02:00,10.4,445.0,101.0,3.0
2025-08-03T21:53:00.000+02:00,21.0,445.0,102.0,1.0
2025-08-03T22:23:00.000+02:00,23.9,353.0,110.0,1.0
2025-08-03T22:43:00.000+02:00,11.4,353.0,115.0,2.0
2025-08-03T22:53:00.000+02:00,25.2,353.0,105.0,0.0
2025-08-03T23:23:00.000+02:00,25.4,170.0,107.0,0.0
2025-08-03T23:38:00.000+02:00,24.5,170.0,105.0,1.0
2025-08-03T23:53:00.000+02:00,0.9,170.0,105.0,0.0
2025-08-04T00:18:00.000+02:00,25.4,85.0,108.0,0.0
2025-08-04T00:43:00.000+02:00,10.3,85.0,99.0,1.0
2025-08-04T00:53:00.000+02:00,25.4,85.0,100.0,0.0
2025-08-04T01:23:00.000+02:00,25.4,48.0,94.0,0.0
2025-08-04T01:43:00.000+02:00,25.4,48.0,108.0,0.0
2025-08-04T01:53:00.000+02:00,25.4,48.0,97.0,0.0
2025-08-04T04:34:00.000+02:00,25.4,14.0,119.0,0.0
2025-08-04T06:04:00.000+02:00,25.4,90.0,104.0,0.0
2025-08-04T07:04:00.000+02:00,8.9,229.0,100.0,4.0
2025-08-04T07:49:00.000+02:00,3.3,229.0,95.0,7.0
2025-08-04T08:24:00.000+02:00,9.4,478.0,92.0,3.0
2025-08-04T08:59:00.000+02:00,5.1,478.0,85.0,7.0
2025-08-04T09:34:00.000+02:00,5.0,462.0,95.0,8.0
2025-08-04T09:54:00.000+02:00,2.5,462.0,82.0,12.0
2025-08-04T10:34:00.000+02:00,4.4,479.0,87.0,8.0
2025-08-04T10:59:00.000+02:00,6.8,479.0,81.0,5.0
2025-08-04T11:39:00.000+02:00,5.7,567.0,81.0,10.0
2025-08-04T11:54:00.000+02:00,9.1,567.0,81.0,3.0
2025-08-04T12:34:00.000+02:00,10.0,698.0,93.0,3.0
2025-08-04T12:54:00.000+02:00,15.4,698.0,94.0,2.0
2025-08-04T13:24:00.000+02:00,5.5,724.0,92.0,4.0
2025-08-04T13:39:00.000+02:00,6.5,724.0,106.0,4.0
2025-08-04T13:54:00.000+02:00,7.0,724.0,107.0,2.0
2025-08-04T14:49:00.000+02:00,5.0,677.0,89.0,6.0
2025-08-04T15:39:00.000+02:00,2.7,871.0,81.0,16.0
2025-08-04T16:09:00.000+02:00,14.1,1037.0,95.0,3.0
2025-08-04T16:44:00.000+02:00,3.9,1037.0,81.0,7.0
2025-08-04T16:54:00.000+02:00,2.7,1037.0,79.0,12.0
2025-08-04T17:29:00.000+02:00,4.6,974.0,77.0,10.0
2025-08-04T17:49:00.000+02:00,4.0,974.0,89.0,9.0
2025-08-04T18:24:00.000+02:00,5.8,903.0,93.0,6.0
2025-08-04T18:54:00.000+02:00,7.0,903.0,94.0,5.0
2025-08-04T19:24:00.000+02:00,2.1,857.0,92.0,17.0
2025-08-04T19:49:00.000+02:00,5.8,857.0,96.0,6.0
2025-08-04T20:19:00.000+02:00,9.3,693.0,90.0,3.0
2025-08-04T20:49:00.000+02:00,4.0,693.0,105.0,9.0
2025-08-04T21:19:00.000+02:00,14.2,473.0,97.0,2.0
2025-08-04T21:34:00.000+02:00,5.8,473.0,99.0,5.0
2025-08-04T21:49:00.000+02:00,14.0,473.0,92.0,2.0
2025-08-04T22:14:00.000+02:00,13.2,328.0,107.0,3.0
2025-08-04T22:39:00.000+02:00,18.9,328.0,100.0,2.0
2025-08-04T22:54:00.000+02:00,14.8,328.0,114.0,1.0
2025-08-04T23:24:00.000+02:00,7.6,228.0,94.0,1.0
2025-08-04T23:44:00.000+02:00,25.4,228.0,112.0,0.0
2025-08-04T23:54:00.000+02:00,11.7,228.0,115.0,0.0
2025-08-05T00:24:00.000+02:00,18.3,90.0,90.0,0.0
2025-08-05T00:49:00.000+02:00,13.0,90.0,112.0,0.0
2025-08-05T01:08:00.000+02:00,25.4,61.0,115.0,0.0
2025-08-05T01:33:00.000+02:00,25.4,61.0,119.0,0.0
2025-08-05T01:48:00.000+02:00,25.4,61.0,136.0,0.0
2025-08-05T03:08:00.000+02:00,25.4,24.0,111.0,0.0
2025-08-05T05:13:00.000+02:00,25.4,16.0,93.0,0.0
2025-08-05T06:24:00.000+02:00,10.2,38.0,96.0,0.0
2025-08-05T06:59:00.000+02:00,4.2,38.0,97.0,1.0
2025-08-05T07:44:00.000+02:00,3.8,71.0,101.0,1.0
2025-08-05T07:59:00.000+02:00,1.6,71.0,91.0,2.0
2025-08-05T08:44:00.000+02:00,11.8,156.0,103.0,3.0
2025-08-05T09:14:00.000+02:00,9.6,238.0,98.0,3.0
2025-08-05T09:39:00.000+02:00,7.1,238.0,85.0,5.0
2025-08-05T09:54:00.000+02:00,20.2,238.0,93.0,1.0
2025-08-05T10:34:00.000+02:00,20.0,335.0,111.0,1.0
2025-08-05T10:59:00.000+02:00,4.8,335.0,85.0,5.0
2025-08-05T11:34:00.000+02:00,6.6,384.0,87.0,5.0
2025-08-05T11:54:00.000+02:00,5.4,384.0,83.0,6.0
2025-08-05T12:19:00.000+02:00,12.0,406.0,104.0,3.0
2025-08-05T12:49:00.000+02:00,8.8,406.0,99.0,6.0
2025-08-05T13:14:00.000+02:00,5.1,412.0,91.0,9.0
2025-08-05T13:34:00.000+02:00,4.1,412.0,81.0,5.0
2025-08-05T13:44:00.000+02:00,12.8,412.0,102.0,2.0
2025-08-05T14:19:00.000+02:00,7.1,460.0,95.0,5.0
2025-08-05T15:19:00.000+02:00,4.4,486.0,81.0,9.0
2025-08-05T15:54:00.000+02:00,10.6,486.0,93.0,2.0
2025-08-05T16:29:00.000+02:00,12.6,501.0,92.0,2.0
2025-08-05T16:54:00.000+02:00,4.8,501.0,80.0,8.0
2025-08-05T17:29:00.000+02:00,8.4,509.0,98.0,5.0
2025-08-05T17:44:00.000+02:00,12.0,509.0,95.0,4.0
2025-08-05T18:04:00.000+02:00,4.5,528.0,92.0,8.0
2025-08-05T18:34:00.000+02:00,2.4,528.0,98.0,13.0
2025-08-05T18:54:00.000+02:00,3.8,528.0,101.0,9.0
2025-08-05T19:19:00.000+02:00,5.8,609.0,81.0,9.0
